source,relation,target
douyin_6786590925469666573,关联节点,证据不足
douyin_6786857122438073614,关联节点,证据不足
douyin_6788764177486859534,关联节点,证据不足
douyin_6794996847220935944,关联节点,证据不足
douyin_6810695408914795790,关联节点,证据不足
douyin_6826551649125829899,关联节点,下肢蹬伸链
douyin_6826551649125829899,关联节点,出手高度低
douyin_6826551649125829899,关联节点,前臂屈伸肌群
douyin_6826551649125829899,关联节点,单手直线投篮
douyin_6826551649125829899,关联节点,核心抗前冲
douyin_6826551649125829899,关联节点,核心抗前冲定点投
douyin_6826551649125829899,关联节点,核心稳定不足
douyin_6826551649125829899,关联节点,核心稳定肌群
douyin_6826551649125829899,关联节点,肘腕力线不直
douyin_6826551649125829899,关联节点,肘腕释放链
douyin_6826551649125829899,关联节点,膝髋伸展不足
douyin_6826551649125829899,关联节点,证据不足
douyin_6826551649125829899,关联节点,躯干旋转控制
douyin_6826551649125829899,关联节点,近筐节奏投
douyin_6826551649125829899,关联节点,释放点低
douyin_6834814705744350468,关联节点,三角肌前束
douyin_6834814705744350468,关联节点,前臂屈伸肌群
douyin_6834814705744350468,关联节点,单手直线投篮
douyin_6834814705744350468,关联节点,手肘外翻
douyin_6834814705744350468,关联节点,核心抗前冲定点投
douyin_6834814705744350468,关联节点,球路侧偏
douyin_6834814705744350468,关联节点,球路偏左偏右
douyin_6834814705744350468,关联节点,肘腕力线不直
douyin_6834814705744350468,关联节点,肘腕释放链
douyin_6834814705744350468,关联节点,证据不足
douyin_6834814705744350468,关联节点,辅助手发力
douyin_6834814705744350468,关联节点,辅助手未及时分离
douyin_6834814705744350468,关联节点,近筐节奏投
douyin_6839636321519078670,关联节点,证据不足
douyin_6852960285565734151,关联节点,肘腕释放链
douyin_6852960285565734151,关联节点,证据不足
douyin_6861063012929834253,关联节点,证据不足
douyin_6881987001738906887,关联节点,前臂屈伸肌群
douyin_6881987001738906887,关联节点,单手直线投篮
douyin_6881987001738906887,关联节点,核心抗前冲定点投
douyin_6881987001738906887,关联节点,球路侧偏
douyin_6881987001738906887,关联节点,球路偏左偏右
douyin_6881987001738906887,关联节点,肘腕释放链
douyin_6881987001738906887,关联节点,证据不足
douyin_6881987001738906887,关联节点,辅助手发力
douyin_6881987001738906887,关联节点,辅助手未及时分离
douyin_6881987001738906887,关联节点,近筐节奏投
douyin_6883319596607081736,关联节点,三角肌前束
douyin_6883319596607081736,关联节点,下肢蹬伸链
douyin_6883319596607081736,关联节点,低位到高位起球
douyin_6883319596607081736,关联节点,前臂屈伸肌群
douyin_6883319596607081736,关联节点,手肘外翻
douyin_6883319596607081736,关联节点,核心抗前冲定点投
douyin_6883319596607081736,关联节点,球路侧偏
douyin_6883319596607081736,关联节点,球路偏左偏右
douyin_6883319596607081736,关联节点,肘腕力线不直
douyin_6883319596607081736,关联节点,肘腕释放链
douyin_6883319596607081736,关联节点,证据不足
douyin_6883319596607081736,关联节点,近筐节奏投
douyin_6884442051119729927,关联节点,三角肌前束
douyin_6884442051119729927,关联节点,前臂屈伸肌群
douyin_6884442051119729927,关联节点,手肘外翻
douyin_6884442051119729927,关联节点,核心抗前冲
douyin_6884442051119729927,关联节点,核心抗前冲定点投
douyin_6884442051119729927,关联节点,核心稳定不足
douyin_6884442051119729927,关联节点,核心稳定肌群
douyin_6884442051119729927,关联节点,肘腕力线不直
douyin_6884442051119729927,关联节点,肘腕释放链
douyin_6884442051119729927,关联节点,证据不足
douyin_6884442051119729927,关联节点,近筐节奏投
douyin_6939372855595404580,关联节点,证据不足
douyin_6939381870614433031,关联节点,三角肌前束
douyin_6939381870614433031,关联节点,下肢蹬伸链
douyin_6939381870614433031,关联节点,前臂屈伸肌群
douyin_6939381870614433031,关联节点,肘腕释放链
douyin_6939381870614433031,关联节点,证据不足
douyin_6939381870614433031,关联节点,重心前冲
douyin_6939420170171485471,关联节点,证据不足
douyin_6939457280974867726,关联节点,证据不足
douyin_6939743616252251428,关联节点,证据不足
douyin_6948759098275925279,关联节点,三角肌前束
douyin_6948759098275925279,关联节点,上下肢脱节
douyin_6948759098275925279,关联节点,下肢蹬伸链
douyin_6948759098275925279,关联节点,前臂屈伸肌群
douyin_6948759098275925279,关联节点,肘腕力线不直
douyin_6948759098275925279,关联节点,肘腕释放链
douyin_6948759098275925279,关联节点,膝髋伸展不足
douyin_6948759098275925279,关联节点,证据不足
douyin_6948759098275925279,关联节点,近筐节奏投
douyin_6956809170867866916,关联节点,证据不足
douyin_6960221963126197512,关联节点,证据不足
douyin_6979113220862725412,关联节点,下肢蹬伸链
douyin_6979113220862725412,关联节点,前臂屈伸肌群
douyin_6979113220862725412,关联节点,单手直线投篮
douyin_6979113220862725412,关联节点,核心抗前冲定点投
douyin_6979113220862725412,关联节点,肘腕力线不直
douyin_6979113220862725412,关联节点,肘腕释放链
douyin_6979113220862725412,关联节点,证据不足
douyin_6979113220862725412,关联节点,近筐节奏投
douyin_6979534826395274509,关联节点,证据不足
douyin_6981707544909597960,关联节点,证据不足
douyin_6992512006905482503,关联节点,证据不足
douyin_6993626601162345764,关联节点,低位到高位起球
douyin_6993626601162345764,关联节点,出手高度低
douyin_6993626601162345764,关联节点,前臂屈伸肌群
douyin_6993626601162345764,关联节点,手肘外翻
douyin_6993626601162345764,关联节点,肘腕力线不直
douyin_6993626601162345764,关联节点,肘腕释放链
douyin_6993626601162345764,关联节点,证据不足
douyin_6993626601162345764,关联节点,释放点低
douyin_6995536241978526984,关联节点,三角肌前束
douyin_6995536241978526984,关联节点,下肢蹬伸链
douyin_6995536241978526984,关联节点,前臂屈伸肌群
douyin_6995536241978526984,关联节点,手肘外翻
douyin_6995536241978526984,关联节点,肘腕力线不直
douyin_6995536241978526984,关联节点,肘腕释放链
douyin_6995536241978526984,关联节点,证据不足
douyin_6995536241978526984,关联节点,重心前冲
douyin_6997613791248747806,关联节点,下肢蹬伸链
douyin_6997613791248747806,关联节点,前臂屈伸肌群
douyin_6997613791248747806,关联节点,手肘外翻
douyin_6997613791248747806,关联节点,核心抗前冲定点投
douyin_6997613791248747806,关联节点,球路侧偏
douyin_6997613791248747806,关联节点,球路偏左偏右
douyin_6997613791248747806,关联节点,肘腕释放链
douyin_6997613791248747806,关联节点,证据不足
douyin_6999194171127074056,关联节点,证据不足
douyin_7002158395511934212,关联节点,上下肢脱节
douyin_7002158395511934212,关联节点,下肢蹬伸链
douyin_7002158395511934212,关联节点,出手高度低
douyin_7002158395511934212,关联节点,前臂屈伸肌群
douyin_7002158395511934212,关联节点,手肘外翻
douyin_7002158395511934212,关联节点,核心抗前冲定点投
douyin_7002158395511934212,关联节点,核心稳定肌群
douyin_7002158395511934212,关联节点,肘腕力线不直
douyin_7002158395511934212,关联节点,肘腕释放链
douyin_7002158395511934212,关联节点,膝髋伸展不足
douyin_7002158395511934212,关联节点,证据不足
douyin_7002158395511934212,关联节点,释放点低
douyin_7004663931947994400,关联节点,上下肢脱节
douyin_7004663931947994400,关联节点,下肢蹬伸链
douyin_7004663931947994400,关联节点,前臂屈伸肌群
douyin_7004663931947994400,关联节点,压弹式起跳训练
douyin_7004663931947994400,关联节点,手快脚慢
douyin_7004663931947994400,关联节点,手肘外翻
douyin_7004663931947994400,关联节点,肘腕力线不直
douyin_7004663931947994400,关联节点,肘腕释放链
douyin_7004663931947994400,关联节点,股四头肌
douyin_7004663931947994400,关联节点,腓肠肌
douyin_7004663931947994400,关联节点,膝髋伸展不足
douyin_7004663931947994400,关联节点,证据不足
douyin_7004663931947994400,关联节点,足踝压弹链
douyin_7004663931947994400,关联节点,近筐节奏投
douyin_7006519669330955557,关联节点,下肢蹬伸链
douyin_7006519669330955557,关联节点,前臂屈伸肌群
douyin_7006519669330955557,关联节点,核心抗前冲定点投
douyin_7006519669330955557,关联节点,肘腕释放链
douyin_7006519669330955557,关联节点,证据不足
douyin_7006519669330955557,关联节点,近筐节奏投
douyin_7008849509849632013,关联节点,上下肢脱节
douyin_7008849509849632013,关联节点,下肢蹬伸链
douyin_7008849509849632013,关联节点,出手高度低
douyin_7008849509849632013,关联节点,前臂屈伸肌群
douyin_7008849509849632013,关联节点,肘腕力线不直
douyin_7008849509849632013,关联节点,肘腕释放链
douyin_7008849509849632013,关联节点,膝髋伸展不足
douyin_7008849509849632013,关联节点,证据不足
douyin_7008849509849632013,关联节点,躯干前倾过大
douyin_7008849509849632013,关联节点,释放点低
douyin_7008849509849632013,关联节点,重心前冲
douyin_7009115844902964519,关联节点,三角肌前束
douyin_7009115844902964519,关联节点,上下肢脱节
douyin_7009115844902964519,关联节点,上肢提前主导
douyin_7009115844902964519,关联节点,下肢压缩过深
douyin_7009115844902964519,关联节点,下肢蹬伸链
douyin_7009115844902964519,关联节点,前臂屈伸肌群
douyin_7009115844902964519,关联节点,手快脚慢
douyin_7009115844902964519,关联节点,核心稳定肌群
douyin_7009115844902964519,关联节点,肘腕释放链
douyin_7009115844902964519,关联节点,股四头肌
douyin_7009115844902964519,关联节点,肱三头肌
douyin_7009115844902964519,关联节点,膝髋伸展不足
douyin_7009115844902964519,关联节点,证据不足
douyin_7009115844902964519,关联节点,重心前冲
douyin_7011435359858953504,关联节点,上下肢脱节
douyin_7011435359858953504,关联节点,下肢蹬伸链
douyin_7011435359858953504,关联节点,垫步触地即弹
douyin_7011435359858953504,关联节点,手快脚慢
douyin_7011435359858953504,关联节点,核心稳定肌群
douyin_7011435359858953504,关联节点,筋膜弹性与牵张反射
douyin_7011435359858953504,关联节点,股四头肌
douyin_7011435359858953504,关联节点,腓肠肌
douyin_7011435359858953504,关联节点,膝髋伸展不足
douyin_7011435359858953504,关联节点,证据不足
douyin_7011435359858953504,关联节点,起跳慢
douyin_7011435359858953504,关联节点,足踝压弹链
douyin_7011435359858953504,关联节点,近筐节奏投
douyin_7013312431833238797,关联节点,三角肌前束
douyin_7013312431833238797,关联节点,下肢蹬伸链
douyin_7013312431833238797,关联节点,前臂屈伸肌群
douyin_7013312431833238797,关联节点,核心抗前冲定点投
douyin_7013312431833238797,关联节点,球路侧偏
douyin_7013312431833238797,关联节点,球路偏左偏右
douyin_7013312431833238797,关联节点,肘腕力线不直
douyin_7013312431833238797,关联节点,肘腕释放链
douyin_7013312431833238797,关联节点,证据不足
douyin_7013312431833238797,关联节点,辅助手发力
douyin_7013312431833238797,关联节点,辅助手未及时分离
douyin_7014311118449528071,关联节点,前臂屈伸肌群
douyin_7014311118449528071,关联节点,球路侧偏
douyin_7014311118449528071,关联节点,球路偏左偏右
douyin_7014311118449528071,关联节点,肘腕力线不直
douyin_7014311118449528071,关联节点,肘腕释放链
douyin_7014311118449528071,关联节点,证据不足
douyin_7014311118449528071,关联节点,躯干旋转控制
douyin_7014311118449528071,关联节点,辅助手发力
douyin_7014311118449528071,关联节点,辅助手未及时分离
douyin_7014311118449528071,关联节点,近筐节奏投
douyin_7018393096928922893,关联节点,三角肌前束
douyin_7018393096928922893,关联节点,上下肢脱节
douyin_7018393096928922893,关联节点,下肢蹬伸链
douyin_7018393096928922893,关联节点,前臂屈伸肌群
douyin_7018393096928922893,关联节点,单手直线投篮
douyin_7018393096928922893,关联节点,垫步触地即弹
douyin_7018393096928922893,关联节点,核心稳定肌群
douyin_7018393096928922893,关联节点,肘腕力线不直
douyin_7018393096928922893,关联节点,肘腕释放链
douyin_7018393096928922893,关联节点,腓肠肌
douyin_7018393096928922893,关联节点,膝髋伸展不足
douyin_7018393096928922893,关联节点,证据不足
douyin_7018393096928922893,关联节点,足踝压弹链
douyin_7018393096928922893,关联节点,辅助手发力
douyin_7018393096928922893,关联节点,辅助手未及时分离
douyin_7018393096928922893,关联节点,近筐节奏投
douyin_7021732668169555239,关联节点,三角肌前束
douyin_7021732668169555239,关联节点,下肢蹬伸链
douyin_7021732668169555239,关联节点,低位到高位起球
douyin_7021732668169555239,关联节点,前臂屈伸肌群
douyin_7021732668169555239,关联节点,核心稳定不足
douyin_7021732668169555239,关联节点,核心稳定肌群
douyin_7021732668169555239,关联节点,球路侧偏
douyin_7021732668169555239,关联节点,球路偏左偏右
douyin_7021732668169555239,关联节点,肘腕力线不直
douyin_7021732668169555239,关联节点,肘腕释放链
douyin_7021732668169555239,关联节点,证据不足
douyin_7021732668169555239,关联节点,辅助手发力
douyin_7021732668169555239,关联节点,辅助手未及时分离
douyin_7024701574664441124,关联节点,三角肌前束
douyin_7024701574664441124,关联节点,下肢蹬伸链
douyin_7024701574664441124,关联节点,前臂屈伸肌群
douyin_7024701574664441124,关联节点,手肘外翻
douyin_7024701574664441124,关联节点,球路侧偏
douyin_7024701574664441124,关联节点,球路偏左偏右
douyin_7024701574664441124,关联节点,肘腕力线不直
douyin_7024701574664441124,关联节点,肘腕释放链
douyin_7024701574664441124,关联节点,腓肠肌
douyin_7024701574664441124,关联节点,证据不足
douyin_7024701574664441124,关联节点,足踝压弹链
douyin_7024701574664441124,关联节点,辅助手发力
douyin_7024701574664441124,关联节点,辅助手未及时分离
douyin_7026927926356512011,关联节点,下肢蹬伸链
douyin_7026927926356512011,关联节点,压弹式起跳训练
douyin_7026927926356512011,关联节点,垫步触地即弹
douyin_7026927926356512011,关联节点,筋膜弹性与牵张反射
douyin_7026927926356512011,关联节点,膝髋伸展不足
douyin_7026927926356512011,关联节点,证据不足
douyin_7026927926356512011,关联节点,起跳慢
douyin_7029154030890863885,关联节点,三角肌前束
douyin_7029154030890863885,关联节点,上下肢脱节
douyin_7029154030890863885,关联节点,下肢压缩过深
douyin_7029154030890863885,关联节点,下肢蹬伸链
douyin_7029154030890863885,关联节点,前臂屈伸肌群
douyin_7029154030890863885,关联节点,单手直线投篮
douyin_7029154030890863885,关联节点,压弹式起跳训练
douyin_7029154030890863885,关联节点,核心稳定肌群
douyin_7029154030890863885,关联节点,球路侧偏
douyin_7029154030890863885,关联节点,球路偏左偏右
douyin_7029154030890863885,关联节点,筋膜弹性与牵张反射
douyin_7029154030890863885,关联节点,肘腕力线不直
douyin_7029154030890863885,关联节点,肘腕释放链
douyin_7029154030890863885,关联节点,腓肠肌
douyin_7029154030890863885,关联节点,膝髋伸展不足
douyin_7029154030890863885,关联节点,证据不足
douyin_7029154030890863885,关联节点,足踝压弹链
douyin_7029154030890863885,关联节点,躯干前倾过大
douyin_7029154030890863885,关联节点,辅助手发力
douyin_7029154030890863885,关联节点,辅助手未及时分离
douyin_7029154030890863885,关联节点,近筐节奏投
douyin_7029154030890863885,关联节点,重心前冲
douyin_7031380362534096160,关联节点,三角肌前束
douyin_7031380362534096160,关联节点,上下肢脱节
douyin_7031380362534096160,关联节点,下肢蹬伸链
douyin_7031380362534096160,关联节点,前臂屈伸肌群
douyin_7031380362534096160,关联节点,肘腕力线不直
douyin_7031380362534096160,关联节点,肘腕释放链
douyin_7031380362534096160,关联节点,肱三头肌
douyin_7031380362534096160,关联节点,膝髋伸展不足
douyin_7031380362534096160,关联节点,证据不足
douyin_7031380362534096160,关联节点,辅助手发力
douyin_7031380362534096160,关联节点,近筐节奏投
douyin_7031380362534096160,关联节点,重心前冲
douyin_7033704416129649959,关联节点,三角肌前束
douyin_7033704416129649959,关联节点,下肢蹬伸链
douyin_7033704416129649959,关联节点,伸髋不足
douyin_7033704416129649959,关联节点,伸髋起球
douyin_7033704416129649959,关联节点,前臂屈伸肌群
douyin_7033704416129649959,关联节点,核心抗前冲
douyin_7033704416129649959,关联节点,核心稳定不足
douyin_7033704416129649959,关联节点,肘腕力线不直
douyin_7033704416129649959,关联节点,肘腕释放链
douyin_7033704416129649959,关联节点,肱三头肌
douyin_7033704416129649959,关联节点,腓肠肌
douyin_7033704416129649959,关联节点,膝髋伸展不足
douyin_7033704416129649959,关联节点,证据不足
douyin_7033704416129649959,关联节点,足踝压弹链
douyin_7035459918949780767,关联节点,三角肌前束
douyin_7035459918949780767,关联节点,上下肢脱节
douyin_7035459918949780767,关联节点,下肢蹬伸链
douyin_7035459918949780767,关联节点,低位到高位起球
douyin_7035459918949780767,关联节点,前臂屈伸肌群
douyin_7035459918949780767,关联节点,核心抗前冲
douyin_7035459918949780767,关联节点,核心稳定不足
douyin_7035459918949780767,关联节点,肘腕释放链
douyin_7035459918949780767,关联节点,腓肠肌
douyin_7035459918949780767,关联节点,膝髋伸展不足
douyin_7035459918949780767,关联节点,证据不足
douyin_7035459918949780767,关联节点,近筐节奏投
douyin_7038196310775844133,关联节点,三角肌前束
douyin_7038196310775844133,关联节点,下肢蹬伸链
douyin_7038196310775844133,关联节点,伸髋不足
douyin_7038196310775844133,关联节点,伸髋起球
douyin_7038196310775844133,关联节点,低位到高位起球
douyin_7038196310775844133,关联节点,前臂屈伸肌群
douyin_7038196310775844133,关联节点,压弹式起跳训练
douyin_7038196310775844133,关联节点,手肘外翻
douyin_7038196310775844133,关联节点,核心稳定肌群
douyin_7038196310775844133,关联节点,筋膜弹性与牵张反射
douyin_7038196310775844133,关联节点,肘腕力线不直
douyin_7038196310775844133,关联节点,肘腕释放链
douyin_7038196310775844133,关联节点,股四头肌
douyin_7038196310775844133,关联节点,腓肠肌
douyin_7038196310775844133,关联节点,膝髋伸展不足
douyin_7038196310775844133,关联节点,证据不足
douyin_7038196310775844133,关联节点,起跳慢
douyin_7038196310775844133,关联节点,足踝压弹链
douyin_7042140032928369951,关联节点,上下肢脱节
douyin_7042140032928369951,关联节点,下肢蹬伸链
douyin_7042140032928369951,关联节点,伸髋不足
douyin_7042140032928369951,关联节点,伸髋起球
douyin_7042140032928369951,关联节点,压弹式起跳训练
douyin_7042140032928369951,关联节点,手快脚慢
douyin_7042140032928369951,关联节点,核心抗前冲
douyin_7042140032928369951,关联节点,核心稳定肌群
douyin_7042140032928369951,关联节点,筋膜弹性与牵张反射
douyin_7042140032928369951,关联节点,股四头肌
douyin_7042140032928369951,关联节点,腓肠肌
douyin_7042140032928369951,关联节点,膝髋伸展不足
douyin_7042140032928369951,关联节点,证据不足
douyin_7042140032928369951,关联节点,足踝压弹链
douyin_7042140032928369951,关联节点,躯干前倾过大
douyin_7042140032928369951,关联节点,重心前冲
douyin_7046281596852374816,关联节点,三角肌前束
douyin_7046281596852374816,关联节点,上下肢脱节
douyin_7046281596852374816,关联节点,低位到高位起球
douyin_7046281596852374816,关联节点,前臂屈伸肌群
douyin_7046281596852374816,关联节点,肘腕释放链
douyin_7046281596852374816,关联节点,肱三头肌
douyin_7046281596852374816,关联节点,证据不足
douyin_7063051650348485920,关联节点,三角肌前束
douyin_7063051650348485920,关联节点,上下肢脱节
douyin_7063051650348485920,关联节点,下肢蹬伸链
douyin_7063051650348485920,关联节点,前臂屈伸肌群
douyin_7063051650348485920,关联节点,手快脚慢
douyin_7063051650348485920,关联节点,筋膜弹性与牵张反射
douyin_7063051650348485920,关联节点,肘腕力线不直
douyin_7063051650348485920,关联节点,肘腕释放链
douyin_7063051650348485920,关联节点,股四头肌
douyin_7063051650348485920,关联节点,肱三头肌
douyin_7063051650348485920,关联节点,证据不足
douyin_7066628530460806411,关联节点,三角肌前束
douyin_7066628530460806411,关联节点,前臂屈伸肌群
douyin_7066628530460806411,关联节点,肘腕力线不直
douyin_7066628530460806411,关联节点,肘腕释放链
douyin_7066628530460806411,关联节点,证据不足
douyin_7066628530460806411,关联节点,近筐节奏投
douyin_7069297321426554142,关联节点,上下肢脱节
douyin_7069297321426554142,关联节点,下肢蹬伸链
douyin_7069297321426554142,关联节点,前臂屈伸肌群
douyin_7069297321426554142,关联节点,压弹式起跳训练
douyin_7069297321426554142,关联节点,筋膜弹性与牵张反射
douyin_7069297321426554142,关联节点,肘腕力线不直
douyin_7069297321426554142,关联节点,肘腕释放链
douyin_7069297321426554142,关联节点,肱三头肌
douyin_7069297321426554142,关联节点,腓肠肌
douyin_7069297321426554142,关联节点,膝髋伸展不足
douyin_7069297321426554142,关联节点,臀大肌
douyin_7069297321426554142,关联节点,证据不足
douyin_7069297321426554142,关联节点,起跳慢
douyin_7069297321426554142,关联节点,足踝压弹链
douyin_7071483550029122830,关联节点,三角肌前束
douyin_7071483550029122830,关联节点,上下肢脱节
douyin_7071483550029122830,关联节点,下肢蹬伸链
douyin_7071483550029122830,关联节点,前臂屈伸肌群
douyin_7071483550029122830,关联节点,肘腕释放链
douyin_7071483550029122830,关联节点,腓肠肌
douyin_7071483550029122830,关联节点,膝髋伸展不足
douyin_7071483550029122830,关联节点,证据不足
douyin_7071483550029122830,关联节点,足踝压弹链
douyin_7072654785807240478,关联节点,三角肌前束
douyin_7072654785807240478,关联节点,上下肢脱节
douyin_7072654785807240478,关联节点,下肢蹬伸链
douyin_7072654785807240478,关联节点,前臂屈伸肌群
douyin_7072654785807240478,关联节点,球路侧偏
douyin_7072654785807240478,关联节点,球路偏左偏右
douyin_7072654785807240478,关联节点,肘腕力线不直
douyin_7072654785807240478,关联节点,肘腕释放链
douyin_7072654785807240478,关联节点,肱三头肌
douyin_7072654785807240478,关联节点,腓肠肌
douyin_7072654785807240478,关联节点,膝髋伸展不足
douyin_7072654785807240478,关联节点,证据不足
douyin_7072654785807240478,关联节点,足踝压弹链
douyin_7072654785807240478,关联节点,蹬地起球不同步
douyin_7072654785807240478,关联节点,辅助手发力
douyin_7072654785807240478,关联节点,辅助手未及时分离
douyin_7077019377517759748,关联节点,三角肌前束
douyin_7077019377517759748,关联节点,下肢蹬伸链
douyin_7077019377517759748,关联节点,前臂屈伸肌群
douyin_7077019377517759748,关联节点,核心抗前冲定点投
douyin_7077019377517759748,关联节点,肘腕力线不直
douyin_7077019377517759748,关联节点,肘腕释放链
douyin_7077019377517759748,关联节点,证据不足
douyin_7079629891666332941,关联节点,三角肌前束
douyin_7079629891666332941,关联节点,上下肢脱节
douyin_7079629891666332941,关联节点,下肢蹬伸链
douyin_7079629891666332941,关联节点,低位到高位起球
douyin_7079629891666332941,关联节点,前臂屈伸肌群
douyin_7079629891666332941,关联节点,手肘外翻
douyin_7079629891666332941,关联节点,手腕侧拨或扭曲
douyin_7079629891666332941,关联节点,球路侧偏
douyin_7079629891666332941,关联节点,球路偏左偏右
douyin_7079629891666332941,关联节点,肘腕力线不直
douyin_7079629891666332941,关联节点,肘腕释放链
douyin_7079629891666332941,关联节点,肱三头肌
douyin_7079629891666332941,关联节点,膝髋伸展不足
douyin_7079629891666332941,关联节点,证据不足
douyin_7079629891666332941,关联节点,重心前冲
douyin_7083706559829757196,关联节点,三角肌前束
douyin_7083706559829757196,关联节点,上下肢脱节
douyin_7083706559829757196,关联节点,前臂屈伸肌群
douyin_7083706559829757196,关联节点,肘腕力线不直
douyin_7083706559829757196,关联节点,肘腕释放链
douyin_7083706559829757196,关联节点,证据不足
douyin_7084811665971105028,关联节点,三角肌前束
douyin_7084811665971105028,关联节点,下肢蹬伸链
douyin_7084811665971105028,关联节点,前臂屈伸肌群
douyin_7084811665971105028,关联节点,肘腕力线不直
douyin_7084811665971105028,关联节点,肘腕释放链
douyin_7084811665971105028,关联节点,证据不足
douyin_7087779541116112131,关联节点,证据不足
douyin_7091981840961129732,关联节点,三角肌前束
douyin_7091981840961129732,关联节点,上下肢脱节
douyin_7091981840961129732,关联节点,下肢蹬伸链
douyin_7091981840961129732,关联节点,前臂屈伸肌群
douyin_7091981840961129732,关联节点,手快脚慢
douyin_7091981840961129732,关联节点,球路侧偏
douyin_7091981840961129732,关联节点,球路偏左偏右
douyin_7091981840961129732,关联节点,肘腕力线不直
douyin_7091981840961129732,关联节点,肘腕释放链
douyin_7091981840961129732,关联节点,腓肠肌
douyin_7091981840961129732,关联节点,膝髋伸展不足
douyin_7091981840961129732,关联节点,证据不足
douyin_7091981840961129732,关联节点,足踝压弹链
douyin_7091981840961129732,关联节点,重心前冲
douyin_7096436927712283941,关联节点,三角肌前束
douyin_7096436927712283941,关联节点,上肢提前主导
douyin_7096436927712283941,关联节点,下肢蹬伸链
douyin_7096436927712283941,关联节点,出手高度低
douyin_7096436927712283941,关联节点,膝髋伸展不足
douyin_7096436927712283941,关联节点,证据不足
douyin_7096436927712283941,关联节点,释放点低
douyin_7103076944610135309,关联节点,证据不足
douyin_7108190104266509604,关联节点,三角肌前束
douyin_7108190104266509604,关联节点,下肢蹬伸链
douyin_7108190104266509604,关联节点,低位到高位起球
douyin_7108190104266509604,关联节点,前臂屈伸肌群
douyin_7108190104266509604,关联节点,单手直线投篮
douyin_7108190104266509604,关联节点,肘腕力线不直
douyin_7108190104266509604,关联节点,肘腕释放链
douyin_7108190104266509604,关联节点,腓肠肌
douyin_7108190104266509604,关联节点,膝髋伸展不足
douyin_7108190104266509604,关联节点,证据不足
douyin_7108190104266509604,关联节点,足踝压弹链
douyin_7108190104266509604,关联节点,躯干前倾过大
douyin_7108190104266509604,关联节点,辅助手发力
douyin_7108190104266509604,关联节点,重心前冲
douyin_7110892122483526949,关联节点,三角肌前束
douyin_7110892122483526949,关联节点,上下肢脱节
douyin_7110892122483526949,关联节点,下肢蹬伸链
douyin_7110892122483526949,关联节点,前臂屈伸肌群
douyin_7110892122483526949,关联节点,压弹式起跳训练
douyin_7110892122483526949,关联节点,核心抗前冲
douyin_7110892122483526949,关联节点,核心稳定肌群
douyin_7110892122483526949,关联节点,筋膜弹性与牵张反射
douyin_7110892122483526949,关联节点,肘腕力线不直
douyin_7110892122483526949,关联节点,肘腕释放链
douyin_7110892122483526949,关联节点,股四头肌
douyin_7110892122483526949,关联节点,肱三头肌
douyin_7110892122483526949,关联节点,腓肠肌
douyin_7110892122483526949,关联节点,膝髋伸展不足
douyin_7110892122483526949,关联节点,证据不足
douyin_7110892122483526949,关联节点,躯干前倾过大
douyin_7110892122483526949,关联节点,重心前冲
douyin_7118657404723596575,关联节点,三角肌前束
douyin_7118657404723596575,关联节点,下肢蹬伸链
douyin_7118657404723596575,关联节点,压弹式起跳训练
douyin_7118657404723596575,关联节点,手肘外翻
douyin_7118657404723596575,关联节点,球路侧偏
douyin_7118657404723596575,关联节点,球路偏左偏右
douyin_7118657404723596575,关联节点,肘腕力线不直
douyin_7118657404723596575,关联节点,肘腕释放链
douyin_7118657404723596575,关联节点,腓肠肌
douyin_7118657404723596575,关联节点,证据不足
douyin_7118657404723596575,关联节点,足踝压弹链
douyin_7124245307340213534,关联节点,证据不足
douyin_7126022392979197215,关联节点,证据不足
douyin_7126383753215118629,关联节点,下肢蹬伸链
douyin_7126383753215118629,关联节点,前臂屈伸肌群
douyin_7126383753215118629,关联节点,单手直线投篮
douyin_7126383753215118629,关联节点,核心抗前冲定点投
douyin_7126383753215118629,关联节点,核心稳定肌群
douyin_7126383753215118629,关联节点,肘腕释放链
douyin_7126383753215118629,关联节点,证据不足
douyin_7126383753215118629,关联节点,近筐节奏投
douyin_7126409120005082405,关联节点,证据不足
douyin_7126542068805078285,关联节点,证据不足
douyin_7126547460327017741,关联节点,证据不足
douyin_7126553470445931807,关联节点,证据不足
douyin_7126887860044647684,关联节点,证据不足
douyin_7126887860044647684,关联节点,重心前冲
douyin_7128319562021424423,关联节点,证据不足
douyin_7137609234778262795,关联节点,三角肌前束
douyin_7137609234778262795,关联节点,上下肢脱节
douyin_7137609234778262795,关联节点,下肢蹬伸链
douyin_7137609234778262795,关联节点,无球蹬地起球同步
douyin_7137609234778262795,关联节点,核心抗前冲
douyin_7137609234778262795,关联节点,股四头肌
douyin_7137609234778262795,关联节点,肩胛稳定肌群
douyin_7137609234778262795,关联节点,膝髋伸展不足
douyin_7137609234778262795,关联节点,证据不足
douyin_7137609234778262795,关联节点,蹬地起球不同步
douyin_7137609234778262795,关联节点,躯干前倾过大
douyin_7137609234778262795,关联节点,重心前冲
douyin_7140481267300142347,关联节点,三角肌前束
douyin_7140481267300142347,关联节点,下肢蹬伸链
douyin_7140481267300142347,关联节点,伸髋不足
douyin_7140481267300142347,关联节点,伸髋起球
douyin_7140481267300142347,关联节点,核心抗前冲
douyin_7140481267300142347,关联节点,核心稳定不足
douyin_7140481267300142347,关联节点,核心稳定肌群
douyin_7140481267300142347,关联节点,膝髋伸展不足
douyin_7140481267300142347,关联节点,臀大肌
douyin_7140481267300142347,关联节点,证据不足
douyin_7140481267300142347,关联节点,躯干前倾过大
douyin_7140481267300142347,关联节点,重心前冲
douyin_7143219455380262158,关联节点,前臂屈伸肌群
douyin_7143219455380262158,关联节点,单手直线投篮
douyin_7143219455380262158,关联节点,手肘外翻
douyin_7143219455380262158,关联节点,球路侧偏
douyin_7143219455380262158,关联节点,球路偏左偏右
douyin_7143219455380262158,关联节点,肘腕力线不直
douyin_7143219455380262158,关联节点,肘腕释放链
douyin_7143219455380262158,关联节点,证据不足
douyin_7143219455380262158,关联节点,辅助手发力
douyin_7143219455380262158,关联节点,辅助手未及时分离
douyin_7143219455380262158,关联节点,近筐节奏投
douyin_7146928066596572429,关联节点,三角肌前束
douyin_7146928066596572429,关联节点,上下肢脱节
douyin_7146928066596572429,关联节点,下肢蹬伸链
douyin_7146928066596572429,关联节点,前臂屈伸肌群
douyin_7146928066596572429,关联节点,压弹式起跳训练
douyin_7146928066596572429,关联节点,手肘外翻
douyin_7146928066596572429,关联节点,核心抗前冲
douyin_7146928066596572429,关联节点,核心抗前冲定点投
douyin_7146928066596572429,关联节点,核心稳定肌群
douyin_7146928066596572429,关联节点,肘腕力线不直
douyin_7146928066596572429,关联节点,肘腕释放链
douyin_7146928066596572429,关联节点,肱三头肌
douyin_7146928066596572429,关联节点,腓肠肌
douyin_7146928066596572429,关联节点,膝髋伸展不足
douyin_7146928066596572429,关联节点,证据不足
douyin_7146928066596572429,关联节点,足踝压弹链
douyin_7146928066596572429,关联节点,蹬地起球不同步
douyin_7146928066596572429,关联节点,躯干前倾过大
douyin_7146928066596572429,关联节点,辅助手发力
douyin_7146928066596572429,关联节点,重心前冲
douyin_7148733210447400199,关联节点,三角肌前束
douyin_7148733210447400199,关联节点,下肢蹬伸链
douyin_7148733210447400199,关联节点,前臂屈伸肌群
douyin_7148733210447400199,关联节点,单手直线投篮
douyin_7148733210447400199,关联节点,垫步触地即弹
douyin_7148733210447400199,关联节点,手肘外翻
douyin_7148733210447400199,关联节点,核心抗前冲定点投
douyin_7148733210447400199,关联节点,筋膜弹性与牵张反射
douyin_7148733210447400199,关联节点,肘腕力线不直
douyin_7148733210447400199,关联节点,肘腕释放链
douyin_7148733210447400199,关联节点,股四头肌
douyin_7148733210447400199,关联节点,腓肠肌
douyin_7148733210447400199,关联节点,证据不足
douyin_7148733210447400199,关联节点,起跳慢
douyin_7148733210447400199,关联节点,辅助手发力
douyin_7148733210447400199,关联节点,辅助手未及时分离
douyin_7148733210447400199,关联节点,重心前冲
douyin_7149748439088221454,关联节点,三角肌前束
douyin_7149748439088221454,关联节点,上下肢脱节
douyin_7149748439088221454,关联节点,下肢蹬伸链
douyin_7149748439088221454,关联节点,前臂屈伸肌群
douyin_7149748439088221454,关联节点,手肘外翻
douyin_7149748439088221454,关联节点,核心抗前冲
douyin_7149748439088221454,关联节点,核心抗前冲定点投
douyin_7149748439088221454,关联节点,核心稳定不足
douyin_7149748439088221454,关联节点,球路侧偏
douyin_7149748439088221454,关联节点,球路偏左偏右
douyin_7149748439088221454,关联节点,肘腕力线不直
douyin_7149748439088221454,关联节点,肘腕释放链
douyin_7149748439088221454,关联节点,肱三头肌
douyin_7149748439088221454,关联节点,证据不足
douyin_7149748439088221454,关联节点,近筐节奏投
douyin_7153101059588754699,关联节点,三角肌前束
douyin_7153101059588754699,关联节点,下肢蹬伸链
douyin_7153101059588754699,关联节点,前臂屈伸肌群
douyin_7153101059588754699,关联节点,肘腕力线不直
douyin_7153101059588754699,关联节点,肘腕释放链
douyin_7153101059588754699,关联节点,证据不足
douyin_7154589770167897380,关联节点,下肢蹬伸链
douyin_7154589770167897380,关联节点,压弹式起跳训练
douyin_7154589770167897380,关联节点,核心抗前冲
douyin_7154589770167897380,关联节点,核心稳定不足
douyin_7154589770167897380,关联节点,球路侧偏
douyin_7154589770167897380,关联节点,球路偏左偏右
douyin_7154589770167897380,关联节点,筋膜弹性与牵张反射
douyin_7154589770167897380,关联节点,肘腕力线不直
douyin_7154589770167897380,关联节点,证据不足
douyin_7154589770167897380,关联节点,起跳慢
douyin_7155331043304705317,关联节点,上下肢脱节
douyin_7155331043304705317,关联节点,上肢提前主导
douyin_7155331043304705317,关联节点,下肢蹬伸链
douyin_7155331043304705317,关联节点,伸髋不足
douyin_7155331043304705317,关联节点,伸髋起球
douyin_7155331043304705317,关联节点,前臂屈伸肌群
douyin_7155331043304705317,关联节点,手肘外翻
douyin_7155331043304705317,关联节点,肘腕力线不直
douyin_7155331043304705317,关联节点,肘腕释放链
douyin_7155331043304705317,关联节点,腓肠肌
douyin_7155331043304705317,关联节点,臀大肌
douyin_7155331043304705317,关联节点,证据不足
douyin_7155331043304705317,关联节点,足踝压弹链
douyin_7155818524966014245,关联节点,上下肢脱节
douyin_7155818524966014245,关联节点,下肢蹬伸链
douyin_7155818524966014245,关联节点,伸髋不足
douyin_7155818524966014245,关联节点,伸髋起球
douyin_7155818524966014245,关联节点,前臂屈伸肌群
douyin_7155818524966014245,关联节点,肘腕释放链
douyin_7155818524966014245,关联节点,腓肠肌
douyin_7155818524966014245,关联节点,臀大肌
douyin_7155818524966014245,关联节点,证据不足
douyin_7157674052033826062,关联节点,上下肢脱节
douyin_7157674052033826062,关联节点,下肢蹬伸链
douyin_7157674052033826062,关联节点,前臂屈伸肌群
douyin_7157674052033826062,关联节点,压弹式起跳训练
douyin_7157674052033826062,关联节点,手快脚慢
douyin_7157674052033826062,关联节点,核心抗前冲
douyin_7157674052033826062,关联节点,核心稳定不足
douyin_7157674052033826062,关联节点,核心稳定肌群
douyin_7157674052033826062,关联节点,筋膜弹性与牵张反射
douyin_7157674052033826062,关联节点,肘腕释放链
douyin_7157674052033826062,关联节点,股四头肌
douyin_7157674052033826062,关联节点,腓肠肌
douyin_7157674052033826062,关联节点,膝髋伸展不足
douyin_7157674052033826062,关联节点,证据不足
douyin_7157674052033826062,关联节点,足踝压弹链
douyin_7157674052033826062,关联节点,重心前冲
douyin_7157982786610089224,关联节点,下肢蹬伸链
douyin_7157982786610089224,关联节点,压弹式起跳训练
douyin_7157982786610089224,关联节点,筋膜弹性与牵张反射
douyin_7157982786610089224,关联节点,腓肠肌
douyin_7157982786610089224,关联节点,证据不足
douyin_7157982786610089224,关联节点,足踝压弹链
douyin_7160653082777505037,关联节点,三角肌前束
douyin_7160653082777505037,关联节点,上下肢脱节
douyin_7160653082777505037,关联节点,下肢蹬伸链
douyin_7160653082777505037,关联节点,前臂屈伸肌群
douyin_7160653082777505037,关联节点,压弹式起跳训练
douyin_7160653082777505037,关联节点,筋膜弹性与牵张反射
douyin_7160653082777505037,关联节点,肘腕释放链
douyin_7160653082777505037,关联节点,股四头肌
douyin_7160653082777505037,关联节点,腓肠肌
douyin_7160653082777505037,关联节点,膝髋伸展不足
douyin_7160653082777505037,关联节点,证据不足
douyin_7160653082777505037,关联节点,躯干前倾过大
douyin_7160653082777505037,关联节点,重心前冲
douyin_7163227201372949797,关联节点,三角肌前束
douyin_7163227201372949797,关联节点,下肢蹬伸链
douyin_7163227201372949797,关联节点,前臂屈伸肌群
douyin_7163227201372949797,关联节点,压弹式起跳训练
douyin_7163227201372949797,关联节点,核心稳定肌群
douyin_7163227201372949797,关联节点,筋膜弹性与牵张反射
douyin_7163227201372949797,关联节点,肘腕释放链
douyin_7163227201372949797,关联节点,腓肠肌
douyin_7163227201372949797,关联节点,膝髋伸展不足
douyin_7163227201372949797,关联节点,证据不足
douyin_7163227201372949797,关联节点,起跳慢
douyin_7163227201372949797,关联节点,足踝压弹链
douyin_7165469667476147469,关联节点,证据不足
douyin_7166947451574717699,关联节点,上下肢脱节
douyin_7166947451574717699,关联节点,下肢蹬伸链
douyin_7166947451574717699,关联节点,前臂屈伸肌群
douyin_7166947451574717699,关联节点,压弹式起跳训练
douyin_7166947451574717699,关联节点,手快脚慢
douyin_7166947451574717699,关联节点,筋膜弹性与牵张反射
douyin_7166947451574717699,关联节点,肘腕释放链
douyin_7166947451574717699,关联节点,腓肠肌
douyin_7166947451574717699,关联节点,证据不足
douyin_7166947451574717699,关联节点,足踝压弹链
douyin_7170184787536203011,关联节点,下肢蹬伸链
douyin_7170184787536203011,关联节点,出手高度低
douyin_7170184787536203011,关联节点,前臂屈伸肌群
douyin_7170184787536203011,关联节点,肘腕释放链
douyin_7170184787536203011,关联节点,证据不足
douyin_7170184787536203011,关联节点,近筐节奏投
douyin_7170184787536203011,关联节点,释放点低
douyin_7177236446166682913,关联节点,三角肌前束
douyin_7177236446166682913,关联节点,出手高度低
douyin_7177236446166682913,关联节点,压弹式起跳训练
douyin_7177236446166682913,关联节点,垫步触地即弹
douyin_7177236446166682913,关联节点,核心抗前冲
douyin_7177236446166682913,关联节点,筋膜弹性与牵张反射
douyin_7177236446166682913,关联节点,腓肠肌
douyin_7177236446166682913,关联节点,膝髋伸展不足
douyin_7177236446166682913,关联节点,证据不足
douyin_7177236446166682913,关联节点,足踝压弹链
douyin_7177236446166682913,关联节点,躯干前倾过大
douyin_7177236446166682913,关联节点,释放点低
douyin_7177236446166682913,关联节点,重心前冲
douyin_7179830855190187324,关联节点,证据不足
douyin_7182430630523718968,关联节点,三角肌前束
douyin_7182430630523718968,关联节点,下肢蹬伸链
douyin_7182430630523718968,关联节点,前臂屈伸肌群
douyin_7182430630523718968,关联节点,手肘外翻
douyin_7182430630523718968,关联节点,肘腕释放链
douyin_7182430630523718968,关联节点,证据不足
douyin_7182430630523718968,关联节点,重心前冲
douyin_7186546993223781643,关联节点,三角肌前束
douyin_7186546993223781643,关联节点,上下肢脱节
douyin_7186546993223781643,关联节点,下肢压缩过深
douyin_7186546993223781643,关联节点,下肢蹬伸链
douyin_7186546993223781643,关联节点,前臂屈伸肌群
douyin_7186546993223781643,关联节点,手肘外翻
douyin_7186546993223781643,关联节点,手腕侧拨或扭曲
douyin_7186546993223781643,关联节点,无球蹬地起球同步
douyin_7186546993223781643,关联节点,核心稳定肌群
douyin_7186546993223781643,关联节点,球路侧偏
douyin_7186546993223781643,关联节点,球路偏左偏右
douyin_7186546993223781643,关联节点,肘腕力线不直
douyin_7186546993223781643,关联节点,肘腕释放链
douyin_7186546993223781643,关联节点,腓肠肌
douyin_7186546993223781643,关联节点,膝髋伸展不足
douyin_7186546993223781643,关联节点,证据不足
douyin_7186546993223781643,关联节点,蹬地起球不同步
douyin_7186546993223781643,关联节点,重心前冲
douyin_7187685493843299596,关联节点,下肢蹬伸链
douyin_7187685493843299596,关联节点,腓肠肌
douyin_7187685493843299596,关联节点,膝髋伸展不足
douyin_7187685493843299596,关联节点,证据不足
douyin_7187685493843299596,关联节点,起跳慢
douyin_7188747741340765501,关联节点,三角肌前束
douyin_7188747741340765501,关联节点,上下肢脱节
douyin_7188747741340765501,关联节点,下肢蹬伸链
douyin_7188747741340765501,关联节点,前臂屈伸肌群
douyin_7188747741340765501,关联节点,手肘外翻
douyin_7188747741340765501,关联节点,手腕侧拨或扭曲
douyin_7188747741340765501,关联节点,核心稳定肌群
douyin_7188747741340765501,关联节点,球路侧偏
douyin_7188747741340765501,关联节点,球路偏左偏右
douyin_7188747741340765501,关联节点,肘腕力线不直
douyin_7188747741340765501,关联节点,肘腕释放链
douyin_7188747741340765501,关联节点,腓肠肌
douyin_7188747741340765501,关联节点,膝髋伸展不足
douyin_7188747741340765501,关联节点,证据不足
douyin_7188747741340765501,关联节点,起跳慢
douyin_7188747741340765501,关联节点,足踝压弹链
douyin_7188747741340765501,关联节点,蹬地起球不同步
douyin_7188747741340765501,关联节点,躯干旋转控制
douyin_7188747741340765501,关联节点,重心前冲
douyin_7190995728481717559,关联节点,三角肌前束
douyin_7190995728481717559,关联节点,上下肢脱节
douyin_7190995728481717559,关联节点,下肢蹬伸链
douyin_7190995728481717559,关联节点,压弹式起跳训练
douyin_7190995728481717559,关联节点,手快脚慢
douyin_7190995728481717559,关联节点,核心稳定不足
douyin_7190995728481717559,关联节点,筋膜弹性与牵张反射
douyin_7190995728481717559,关联节点,腓肠肌
douyin_7190995728481717559,关联节点,证据不足
douyin_7194670421717847355,关联节点,上下肢脱节
douyin_7194670421717847355,关联节点,下肢蹬伸链
douyin_7194670421717847355,关联节点,前臂屈伸肌群
douyin_7194670421717847355,关联节点,手肘外翻
douyin_7194670421717847355,关联节点,手腕侧拨或扭曲
douyin_7194670421717847355,关联节点,核心抗前冲定点投
douyin_7194670421717847355,关联节点,球路侧偏
douyin_7194670421717847355,关联节点,球路偏左偏右
douyin_7194670421717847355,关联节点,肘腕力线不直
douyin_7194670421717847355,关联节点,肘腕释放链
douyin_7194670421717847355,关联节点,证据不足
douyin_7194670421717847355,关联节点,近筐节奏投
douyin_7198877222227283239,关联节点,前臂屈伸肌群
douyin_7198877222227283239,关联节点,肘腕释放链
douyin_7198877222227283239,关联节点,证据不足
douyin_7199190394737839364,关联节点,三角肌前束
douyin_7199190394737839364,关联节点,低位到高位起球
douyin_7199190394737839364,关联节点,前臂屈伸肌群
douyin_7199190394737839364,关联节点,单手直线投篮
douyin_7199190394737839364,关联节点,手肘外翻
douyin_7199190394737839364,关联节点,手腕侧拨或扭曲
douyin_7199190394737839364,关联节点,核心抗前冲定点投
douyin_7199190394737839364,关联节点,肘腕力线不直
douyin_7199190394737839364,关联节点,肘腕释放链
douyin_7199190394737839364,关联节点,证据不足
douyin_7199190394737839364,关联节点,辅助手发力
douyin_7199190394737839364,关联节点,辅助手未及时分离
douyin_7199190394737839364,关联节点,近筐节奏投
douyin_7199945217477299515,关联节点,上下肢脱节
douyin_7199945217477299515,关联节点,下肢蹬伸链
douyin_7199945217477299515,关联节点,低位到高位起球
douyin_7199945217477299515,关联节点,前臂屈伸肌群
douyin_7199945217477299515,关联节点,单手直线投篮
douyin_7199945217477299515,关联节点,球路侧偏
douyin_7199945217477299515,关联节点,球路偏左偏右
douyin_7199945217477299515,关联节点,肘腕力线不直
douyin_7199945217477299515,关联节点,肘腕释放链
douyin_7199945217477299515,关联节点,证据不足
douyin_7199945217477299515,关联节点,辅助手发力
douyin_7200672049872833851,关联节点,下肢蹬伸链
douyin_7200672049872833851,关联节点,证据不足
douyin_7206256014004374840,关联节点,三角肌前束
douyin_7206256014004374840,关联节点,下肢蹬伸链
douyin_7206256014004374840,关联节点,前臂屈伸肌群
douyin_7206256014004374840,关联节点,单手直线投篮
douyin_7206256014004374840,关联节点,手肘外翻
douyin_7206256014004374840,关联节点,手腕侧拨或扭曲
douyin_7206256014004374840,关联节点,球路侧偏
douyin_7206256014004374840,关联节点,球路偏左偏右
douyin_7206256014004374840,关联节点,肘腕力线不直
douyin_7206256014004374840,关联节点,肘腕释放链
douyin_7206256014004374840,关联节点,证据不足
douyin_7206256014004374840,关联节点,蹬地起球不同步
douyin_7206256014004374840,关联节点,辅助手发力
douyin_7206256014004374840,关联节点,辅助手隔离训练
douyin_7210004973231377722,关联节点,上肢提前主导
douyin_7210004973231377722,关联节点,下肢蹬伸链
douyin_7210004973231377722,关联节点,核心抗前冲定点投
douyin_7210004973231377722,关联节点,证据不足
douyin_7210263774543007013,关联节点,证据不足
douyin_7211359091095129399,关联节点,证据不足
douyin_7211863901099674937,关联节点,证据不足
douyin_7212933970915265831,关联节点,证据不足
douyin_7214731957081525516,关联节点,前臂屈伸肌群
douyin_7214731957081525516,关联节点,肘腕力线不直
douyin_7214731957081525516,关联节点,肘腕释放链
douyin_7214731957081525516,关联节点,证据不足
douyin_7218037631957929220,关联节点,三角肌前束
douyin_7218037631957929220,关联节点,下肢蹬伸链
douyin_7218037631957929220,关联节点,低位到高位起球
douyin_7218037631957929220,关联节点,前臂屈伸肌群
douyin_7218037631957929220,关联节点,手肘外翻
douyin_7218037631957929220,关联节点,核心抗前冲
douyin_7218037631957929220,关联节点,球路侧偏
douyin_7218037631957929220,关联节点,球路偏左偏右
douyin_7218037631957929220,关联节点,肘腕力线不直
douyin_7218037631957929220,关联节点,肘腕释放链
douyin_7218037631957929220,关联节点,腓肠肌
douyin_7218037631957929220,关联节点,膝髋伸展不足
douyin_7218037631957929220,关联节点,证据不足
douyin_7218037631957929220,关联节点,足踝压弹链
douyin_7218037631957929220,关联节点,蹬地起球不同步
douyin_7218037631957929220,关联节点,躯干前倾过大
douyin_7218037631957929220,关联节点,近筐节奏投
douyin_7218037631957929220,关联节点,重心前冲
douyin_7220273329960242470,关联节点,证据不足
douyin_7222116779672309004,关联节点,三角肌前束
douyin_7222116779672309004,关联节点,下肢蹬伸链
douyin_7222116779672309004,关联节点,手肘外翻
douyin_7222116779672309004,关联节点,核心抗前冲定点投
douyin_7222116779672309004,关联节点,肘腕力线不直
douyin_7222116779672309004,关联节点,肘腕释放链
douyin_7222116779672309004,关联节点,腓肠肌
douyin_7222116779672309004,关联节点,膝髋伸展不足
douyin_7222116779672309004,关联节点,臀大肌
douyin_7222116779672309004,关联节点,证据不足
douyin_7225136404202868005,关联节点,三角肌前束
douyin_7225136404202868005,关联节点,上下肢脱节
douyin_7225136404202868005,关联节点,下肢蹬伸链
douyin_7225136404202868005,关联节点,出手高度低
douyin_7225136404202868005,关联节点,手快脚慢
douyin_7225136404202868005,关联节点,无球蹬地起球同步
douyin_7225136404202868005,关联节点,核心抗前冲
douyin_7225136404202868005,关联节点,腓肠肌
douyin_7225136404202868005,关联节点,膝髋伸展不足
douyin_7225136404202868005,关联节点,证据不足
douyin_7225136404202868005,关联节点,足踝压弹链
douyin_7225136404202868005,关联节点,蹬地起球不同步
douyin_7225136404202868005,关联节点,躯干前倾过大
douyin_7225136404202868005,关联节点,释放点低
douyin_7225136404202868005,关联节点,重心前冲
douyin_7226952978236771644,关联节点,三角肌前束
douyin_7226952978236771644,关联节点,上下肢脱节
douyin_7226952978236771644,关联节点,下肢蹬伸链
douyin_7226952978236771644,关联节点,出手高度低
douyin_7226952978236771644,关联节点,前臂屈伸肌群
douyin_7226952978236771644,关联节点,手快脚慢
douyin_7226952978236771644,关联节点,肘腕力线不直
douyin_7226952978236771644,关联节点,肘腕释放链
douyin_7226952978236771644,关联节点,膝髋伸展不足
douyin_7226952978236771644,关联节点,证据不足
douyin_7226952978236771644,关联节点,起球早于屈膝
douyin_7226952978236771644,关联节点,蹬地起球不同步
douyin_7226952978236771644,关联节点,躯干前倾过大
douyin_7226952978236771644,关联节点,释放点低
douyin_7226952978236771644,关联节点,重心前冲
douyin_7229316606793469240,关联节点,下肢蹬伸链
douyin_7229316606793469240,关联节点,前臂屈伸肌群
douyin_7229316606793469240,关联节点,单手直线投篮
douyin_7229316606793469240,关联节点,肘腕力线不直
douyin_7229316606793469240,关联节点,肘腕释放链
douyin_7229316606793469240,关联节点,膝髋伸展不足
douyin_7229316606793469240,关联节点,证据不足
douyin_7229316606793469240,关联节点,躯干前倾过大
douyin_7229316606793469240,关联节点,辅助手发力
douyin_7229316606793469240,关联节点,辅助手未及时分离
douyin_7229316606793469240,关联节点,重心前冲
douyin_7230257362932616503,关联节点,证据不足
douyin_7230470856097467685,关联节点,下肢蹬伸链
douyin_7230470856097467685,关联节点,前臂屈伸肌群
douyin_7230470856097467685,关联节点,核心稳定肌群
douyin_7230470856097467685,关联节点,肘腕释放链
douyin_7230470856097467685,关联节点,膝髋伸展不足
douyin_7230470856097467685,关联节点,证据不足
douyin_7230470856097467685,关联节点,躯干前倾过大
douyin_7230470856097467685,关联节点,躯干旋转控制
douyin_7230470856097467685,关联节点,重心前冲
douyin_7233595443328896314,关联节点,三角肌前束
douyin_7233595443328896314,关联节点,下肢蹬伸链
douyin_7233595443328896314,关联节点,核心稳定肌群
douyin_7233595443328896314,关联节点,肘腕释放链
douyin_7233595443328896314,关联节点,膝髋伸展不足
douyin_7233595443328896314,关联节点,证据不足
douyin_7233595443328896314,关联节点,躯干前倾过大
douyin_7233595443328896314,关联节点,重心前冲
douyin_7233997123514060065,关联节点,三角肌前束
douyin_7233997123514060065,关联节点,前臂屈伸肌群
douyin_7233997123514060065,关联节点,肘腕释放链
douyin_7233997123514060065,关联节点,证据不足
douyin_7234741865877130555,关联节点,下肢蹬伸链
douyin_7234741865877130555,关联节点,前臂屈伸肌群
douyin_7234741865877130555,关联节点,肘腕释放链
douyin_7234741865877130555,关联节点,股四头肌
douyin_7234741865877130555,关联节点,膝髋伸展不足
douyin_7234741865877130555,关联节点,证据不足
douyin_7240397272691838266,关联节点,下肢蹬伸链
douyin_7240397272691838266,关联节点,伸髋不足
douyin_7240397272691838266,关联节点,伸髋起球
douyin_7240397272691838266,关联节点,前臂屈伸肌群
douyin_7240397272691838266,关联节点,球路侧偏
douyin_7240397272691838266,关联节点,球路偏左偏右
douyin_7240397272691838266,关联节点,肘腕释放链
douyin_7240397272691838266,关联节点,臀大肌
douyin_7240397272691838266,关联节点,证据不足
douyin_7240397272691838266,关联节点,辅助手发力
douyin_7242529395204738341,关联节点,三角肌前束
douyin_7242529395204738341,关联节点,上下肢脱节
douyin_7242529395204738341,关联节点,下肢蹬伸链
douyin_7242529395204738341,关联节点,前臂屈伸肌群
douyin_7242529395204738341,关联节点,手快脚慢
douyin_7242529395204738341,关联节点,核心抗前冲
douyin_7242529395204738341,关联节点,肘腕释放链
douyin_7242529395204738341,关联节点,股四头肌
douyin_7242529395204738341,关联节点,腓肠肌
douyin_7242529395204738341,关联节点,膝髋伸展不足
douyin_7242529395204738341,关联节点,证据不足
douyin_7242529395204738341,关联节点,起跳慢
douyin_7242529395204738341,关联节点,足踝压弹链
douyin_7242529395204738341,关联节点,躯干前倾过大
douyin_7242529395204738341,关联节点,近筐节奏投
douyin_7242529395204738341,关联节点,重心前冲
douyin_7243448210298113341,关联节点,三角肌前束
douyin_7243448210298113341,关联节点,伸髋不足
douyin_7243448210298113341,关联节点,伸髋起球
douyin_7243448210298113341,关联节点,前臂屈伸肌群
douyin_7243448210298113341,关联节点,肘腕释放链
douyin_7243448210298113341,关联节点,臀大肌
douyin_7243448210298113341,关联节点,证据不足
douyin_7243448210298113341,关联节点,近筐节奏投
douyin_7244761169062284602,关联节点,下肢蹬伸链
douyin_7244761169062284602,关联节点,核心稳定肌群
douyin_7244761169062284602,关联节点,股四头肌
douyin_7244761169062284602,关联节点,腓肠肌
douyin_7244761169062284602,关联节点,膝髋伸展不足
douyin_7244761169062284602,关联节点,证据不足
douyin_7244761169062284602,关联节点,躯干前倾过大
douyin_7244761169062284602,关联节点,重心前冲
douyin_7245852732790197542,关联节点,上下肢脱节
douyin_7245852732790197542,关联节点,下肢蹬伸链
douyin_7245852732790197542,关联节点,低位到高位起球
douyin_7245852732790197542,关联节点,出手高度低
douyin_7245852732790197542,关联节点,前臂屈伸肌群
douyin_7245852732790197542,关联节点,手肘外翻
douyin_7245852732790197542,关联节点,手腕侧拨或扭曲
douyin_7245852732790197542,关联节点,无球蹬地起球同步
douyin_7245852732790197542,关联节点,核心抗前冲
douyin_7245852732790197542,关联节点,核心稳定不足
douyin_7245852732790197542,关联节点,核心稳定肌群
douyin_7245852732790197542,关联节点,球路侧偏
douyin_7245852732790197542,关联节点,球路偏左偏右
douyin_7245852732790197542,关联节点,肘腕力线不直
douyin_7245852732790197542,关联节点,肘腕释放链
douyin_7245852732790197542,关联节点,股四头肌
douyin_7245852732790197542,关联节点,肱三头肌
douyin_7245852732790197542,关联节点,膝髋伸展不足
douyin_7245852732790197542,关联节点,证据不足
douyin_7245852732790197542,关联节点,蹬地起球不同步
douyin_7245852732790197542,关联节点,近筐节奏投
douyin_7245852732790197542,关联节点,释放点低
douyin_7246037522545986876,关联节点,证据不足
douyin_7248546684114881850,关联节点,上下肢脱节
douyin_7248546684114881850,关联节点,下肢蹬伸链
douyin_7248546684114881850,关联节点,低位到高位起球
douyin_7248546684114881850,关联节点,前臂屈伸肌群
douyin_7248546684114881850,关联节点,无球蹬地起球同步
douyin_7248546684114881850,关联节点,肘腕力线不直
douyin_7248546684114881850,关联节点,肘腕释放链
douyin_7248546684114881850,关联节点,膝髋伸展不足
douyin_7248546684114881850,关联节点,证据不足
douyin_7248546684114881850,关联节点,起球早于屈膝
douyin_7248546684114881850,关联节点,蹬地起球不同步
douyin_7248546684114881850,关联节点,近筐节奏投
douyin_7249302169273240888,关联节点,上下肢脱节
douyin_7249302169273240888,关联节点,下肢蹬伸链
douyin_7249302169273240888,关联节点,伸髋不足
douyin_7249302169273240888,关联节点,伸髋带动起球
douyin_7249302169273240888,关联节点,伸髋起球
douyin_7249302169273240888,关联节点,手快脚慢
douyin_7249302169273240888,关联节点,无球蹬地起球同步
douyin_7249302169273240888,关联节点,膝髋伸展不足
douyin_7249302169273240888,关联节点,臀大肌
douyin_7249302169273240888,关联节点,证据不足
douyin_7249302169273240888,关联节点,起球早于屈膝
douyin_7249302169273240888,关联节点,蹬地起球不同步
douyin_7249302169273240888,关联节点,近筐节奏投
douyin_7249302169273240888,关联节点,重心前冲
douyin_7249302169273240888,关联节点,髂腰肌
douyin_7251790210093157689,关联节点,三角肌前束
douyin_7251790210093157689,关联节点,上下肢脱节
douyin_7251790210093157689,关联节点,下肢蹬伸链
douyin_7251790210093157689,关联节点,前臂屈伸肌群
douyin_7251790210093157689,关联节点,手肘外翻
douyin_7251790210093157689,关联节点,肘腕力线不直
douyin_7251790210093157689,关联节点,肘腕释放链
douyin_7251790210093157689,关联节点,证据不足
douyin_7251790210093157689,关联节点,躯干前倾过大
douyin_7251790210093157689,关联节点,重心前冲
douyin_7257753964618304822,关联节点,三角肌前束
douyin_7257753964618304822,关联节点,下肢蹬伸链
douyin_7257753964618304822,关联节点,伸髋不足
douyin_7257753964618304822,关联节点,伸髋起球
douyin_7257753964618304822,关联节点,压弹式起跳训练
douyin_7257753964618304822,关联节点,垫步触地即弹
douyin_7257753964618304822,关联节点,核心稳定肌群
douyin_7257753964618304822,关联节点,筋膜弹性与牵张反射
douyin_7257753964618304822,关联节点,股四头肌
douyin_7257753964618304822,关联节点,腓肠肌
douyin_7257753964618304822,关联节点,膝髋伸展不足
douyin_7257753964618304822,关联节点,臀大肌
douyin_7257753964618304822,关联节点,证据不足
douyin_7257753964618304822,关联节点,足踝压弹链
douyin_7257753964618304822,关联节点,躯干前倾过大
douyin_7257753964618304822,关联节点,躯干旋转控制
douyin_7257753964618304822,关联节点,重心前冲
douyin_7259603187802426679,关联节点,三角肌前束
douyin_7259603187802426679,关联节点,上下肢脱节
douyin_7259603187802426679,关联节点,下肢蹬伸链
douyin_7259603187802426679,关联节点,证据不足
douyin_7259603187802426679,关联节点,躯干前倾过大
douyin_7259603187802426679,关联节点,辅助手发力
douyin_7259603187802426679,关联节点,重心前冲
douyin_7266310790297259327,关联节点,三角肌前束
douyin_7266310790297259327,关联节点,下肢蹬伸链
douyin_7266310790297259327,关联节点,低位到高位起球
douyin_7266310790297259327,关联节点,前臂屈伸肌群
douyin_7266310790297259327,关联节点,手肘外翻
douyin_7266310790297259327,关联节点,手腕侧拨或扭曲
douyin_7266310790297259327,关联节点,肘腕力线不直
douyin_7266310790297259327,关联节点,肘腕释放链
douyin_7266310790297259327,关联节点,腓肠肌
douyin_7266310790297259327,关联节点,证据不足
douyin_7266310790297259327,关联节点,足踝压弹链
douyin_7266310790297259327,关联节点,躯干前倾过大
douyin_7266310790297259327,关联节点,近筐节奏投
douyin_7266310790297259327,关联节点,重心前冲
douyin_7274068441382849849,关联节点,三角肌前束
douyin_7274068441382849849,关联节点,下肢蹬伸链
douyin_7274068441382849849,关联节点,伸髋不足
douyin_7274068441382849849,关联节点,伸髋起球
douyin_7274068441382849849,关联节点,前臂屈伸肌群
douyin_7274068441382849849,关联节点,核心抗前冲
douyin_7274068441382849849,关联节点,球路侧偏
douyin_7274068441382849849,关联节点,球路偏左偏右
douyin_7274068441382849849,关联节点,肘腕释放链
douyin_7274068441382849849,关联节点,股四头肌
douyin_7274068441382849849,关联节点,膝髋伸展不足
douyin_7274068441382849849,关联节点,证据不足
douyin_7274068441382849849,关联节点,重心前冲
douyin_7278892233867218231,关联节点,三角肌前束
douyin_7278892233867218231,关联节点,下肢蹬伸链
douyin_7278892233867218231,关联节点,前臂屈伸肌群
douyin_7278892233867218231,关联节点,核心稳定肌群
douyin_7278892233867218231,关联节点,肘腕释放链
douyin_7278892233867218231,关联节点,膝髋伸展不足
douyin_7278892233867218231,关联节点,证据不足
douyin_7278892233867218231,关联节点,蹬地起球不同步
douyin_7278892233867218231,关联节点,重心前冲
douyin_7283418541091458364,关联节点,上下肢脱节
douyin_7283418541091458364,关联节点,下肢蹬伸链
douyin_7283418541091458364,关联节点,低位到高位起球
douyin_7283418541091458364,关联节点,前臂屈伸肌群
douyin_7283418541091458364,关联节点,核心抗前冲
douyin_7283418541091458364,关联节点,核心稳定肌群
douyin_7283418541091458364,关联节点,肘腕释放链
douyin_7283418541091458364,关联节点,膝髋伸展不足
douyin_7283418541091458364,关联节点,证据不足
douyin_7283418541091458364,关联节点,蹬地起球不同步
douyin_7283418541091458364,关联节点,近筐节奏投
douyin_7283418541091458364,关联节点,重心前冲
douyin_7296829060288711947,关联节点,三角肌前束
douyin_7296829060288711947,关联节点,上下肢脱节
douyin_7296829060288711947,关联节点,下肢蹬伸链
douyin_7296829060288711947,关联节点,前臂屈伸肌群
douyin_7296829060288711947,关联节点,垫步触地即弹
douyin_7296829060288711947,关联节点,手快脚慢
douyin_7296829060288711947,关联节点,无球蹬地起球同步
douyin_7296829060288711947,关联节点,核心抗前冲
douyin_7296829060288711947,关联节点,核心稳定肌群
douyin_7296829060288711947,关联节点,肘腕释放链
douyin_7296829060288711947,关联节点,股四头肌
douyin_7296829060288711947,关联节点,腓肠肌
douyin_7296829060288711947,关联节点,膝髋伸展不足
douyin_7296829060288711947,关联节点,证据不足
douyin_7296829060288711947,关联节点,足踝压弹链
douyin_7296829060288711947,关联节点,蹬地起球不同步
douyin_7296829060288711947,关联节点,重心前冲
douyin_7311694235550371084,关联节点,三角肌前束
douyin_7311694235550371084,关联节点,下肢蹬伸链
douyin_7311694235550371084,关联节点,出手高度低
douyin_7311694235550371084,关联节点,前臂屈伸肌群
douyin_7311694235550371084,关联节点,球路侧偏
douyin_7311694235550371084,关联节点,球路偏左偏右
douyin_7311694235550371084,关联节点,肘腕力线不直
douyin_7311694235550371084,关联节点,肘腕释放链
douyin_7311694235550371084,关联节点,膝髋伸展不足
douyin_7311694235550371084,关联节点,证据不足
douyin_7311694235550371084,关联节点,躯干旋转控制
douyin_7311694235550371084,关联节点,释放点低
douyin_7311694235550371084,关联节点,重心前冲
douyin_7317503826691444005,关联节点,下肢蹬伸链
douyin_7317503826691444005,关联节点,核心稳定肌群
douyin_7317503826691444005,关联节点,腓肠肌
douyin_7317503826691444005,关联节点,膝髋伸展不足
douyin_7317503826691444005,关联节点,证据不足
douyin_7320835060486245644,关联节点,三角肌前束
douyin_7320835060486245644,关联节点,上下肢脱节
douyin_7320835060486245644,关联节点,上肢提前主导
douyin_7320835060486245644,关联节点,下肢蹬伸链
douyin_7320835060486245644,关联节点,低位到高位起球
douyin_7320835060486245644,关联节点,腓肠肌
douyin_7320835060486245644,关联节点,膝髋伸展不足
douyin_7320835060486245644,关联节点,证据不足
douyin_7320835060486245644,关联节点,足踝压弹链
douyin_7320835060486245644,关联节点,蹬地起球不同步
douyin_7321192174232636722,关联节点,上下肢脱节
douyin_7321192174232636722,关联节点,上肢提前主导
douyin_7321192174232636722,关联节点,下肢蹬伸链
douyin_7321192174232636722,关联节点,前臂屈伸肌群
douyin_7321192174232636722,关联节点,核心稳定肌群
douyin_7321192174232636722,关联节点,肘腕力线不直
douyin_7321192174232636722,关联节点,肘腕释放链
douyin_7321192174232636722,关联节点,证据不足
douyin_7328407848784792871,关联节点,上下肢脱节
douyin_7328407848784792871,关联节点,上肢提前主导
douyin_7328407848784792871,关联节点,下肢蹬伸链
douyin_7328407848784792871,关联节点,核心抗前冲
douyin_7328407848784792871,关联节点,核心稳定不足
douyin_7328407848784792871,关联节点,核心稳定肌群
douyin_7328407848784792871,关联节点,球路侧偏
douyin_7328407848784792871,关联节点,球路偏左偏右
douyin_7328407848784792871,关联节点,证据不足
douyin_7328407848784792871,关联节点,躯干前倾过大
douyin_7328407848784792871,关联节点,躯干旋转控制
douyin_7328407848784792871,关联节点,近筐节奏投
douyin_7328407848784792871,关联节点,重心前冲
douyin_7328648156739063091,关联节点,三角肌前束
douyin_7328648156739063091,关联节点,上下肢脱节
douyin_7328648156739063091,关联节点,下肢蹬伸链
douyin_7328648156739063091,关联节点,低位到高位起球
douyin_7328648156739063091,关联节点,前臂屈伸肌群
douyin_7328648156739063091,关联节点,肘腕释放链
douyin_7328648156739063091,关联节点,股四头肌
douyin_7328648156739063091,关联节点,证据不足
douyin_7328648156739063091,关联节点,重心前冲
douyin_7329410152732331304,关联节点,三角肌前束
douyin_7329410152732331304,关联节点,上下肢脱节
douyin_7329410152732331304,关联节点,下肢蹬伸链
douyin_7329410152732331304,关联节点,伸髋不足
douyin_7329410152732331304,关联节点,伸髋起球
douyin_7329410152732331304,关联节点,前臂屈伸肌群
douyin_7329410152732331304,关联节点,核心抗前冲
douyin_7329410152732331304,关联节点,核心稳定不足
douyin_7329410152732331304,关联节点,核心稳定肌群
douyin_7329410152732331304,关联节点,肘腕释放链
douyin_7329410152732331304,关联节点,膝髋伸展不足
douyin_7329410152732331304,关联节点,证据不足
douyin_7329410152732331304,关联节点,起跳慢
douyin_7329410152732331304,关联节点,躯干前倾过大
douyin_7329410152732331304,关联节点,重心前冲
douyin_7331965378689584395,关联节点,三角肌前束
douyin_7331965378689584395,关联节点,前臂屈伸肌群
douyin_7331965378689584395,关联节点,核心抗前冲定点投
douyin_7331965378689584395,关联节点,肘腕释放链
douyin_7331965378689584395,关联节点,证据不足
douyin_7336400298631613723,关联节点,三角肌前束
douyin_7336400298631613723,关联节点,上下肢脱节
douyin_7336400298631613723,关联节点,上肢提前主导
douyin_7336400298631613723,关联节点,下肢蹬伸链
douyin_7336400298631613723,关联节点,前臂屈伸肌群
douyin_7336400298631613723,关联节点,手快脚慢
douyin_7336400298631613723,关联节点,核心抗前冲定点投
douyin_7336400298631613723,关联节点,肘腕释放链
douyin_7336400298631613723,关联节点,股四头肌
douyin_7336400298631613723,关联节点,肱三头肌
douyin_7336400298631613723,关联节点,腓肠肌
douyin_7336400298631613723,关联节点,膝髋伸展不足
douyin_7336400298631613723,关联节点,证据不足
douyin_7340232402591157541,关联节点,三角肌前束
douyin_7340232402591157541,关联节点,上下肢脱节
douyin_7340232402591157541,关联节点,下肢蹬伸链
douyin_7340232402591157541,关联节点,低位到高位起球
douyin_7340232402591157541,关联节点,腓肠肌
douyin_7340232402591157541,关联节点,证据不足
douyin_7340232402591157541,关联节点,躯干前倾过大
douyin_7340232402591157541,关联节点,重心前冲
douyin_7342345396041092363,关联节点,三角肌前束
douyin_7342345396041092363,关联节点,下肢蹬伸链
douyin_7342345396041092363,关联节点,前臂屈伸肌群
douyin_7342345396041092363,关联节点,手腕侧拨或扭曲
douyin_7342345396041092363,关联节点,核心抗前冲定点投
douyin_7342345396041092363,关联节点,肘腕力线不直
douyin_7342345396041092363,关联节点,肘腕释放链
douyin_7342345396041092363,关联节点,证据不足
douyin_7346798357320420649,关联节点,三角肌前束
douyin_7346798357320420649,关联节点,核心抗前冲定点投
douyin_7346798357320420649,关联节点,证据不足
douyin_7349396087804841279,关联节点,下肢蹬伸链
douyin_7349396087804841279,关联节点,伸髋不足
douyin_7349396087804841279,关联节点,伸髋起球
douyin_7349396087804841279,关联节点,压弹式起跳训练
douyin_7349396087804841279,关联节点,核心抗前冲
douyin_7349396087804841279,关联节点,核心抗前冲定点投
douyin_7349396087804841279,关联节点,核心稳定不足
douyin_7349396087804841279,关联节点,核心稳定肌群
douyin_7349396087804841279,关联节点,腓肠肌
douyin_7349396087804841279,关联节点,膝髋伸展不足
douyin_7349396087804841279,关联节点,臀大肌
douyin_7349396087804841279,关联节点,证据不足
douyin_7349396087804841279,关联节点,足踝压弹链
douyin_7356445386128575770,关联节点,三角肌前束
douyin_7356445386128575770,关联节点,上下肢脱节
douyin_7356445386128575770,关联节点,上肢提前主导
douyin_7356445386128575770,关联节点,下肢蹬伸链
douyin_7356445386128575770,关联节点,低位到高位起球
douyin_7356445386128575770,关联节点,垫步触地即弹
douyin_7356445386128575770,关联节点,无球蹬地起球同步
douyin_7356445386128575770,关联节点,核心抗前冲
douyin_7356445386128575770,关联节点,肩胛稳定肌群
douyin_7356445386128575770,关联节点,肱三头肌
douyin_7356445386128575770,关联节点,腓肠肌
douyin_7356445386128575770,关联节点,腘绳肌
douyin_7356445386128575770,关联节点,膝髋伸展不足
douyin_7356445386128575770,关联节点,证据不足
douyin_7356445386128575770,关联节点,足踝压弹链
douyin_7356445386128575770,关联节点,蹬地起球不同步
douyin_7356445386128575770,关联节点,重心前冲
douyin_7360524758594653503,关联节点,三角肌前束
douyin_7360524758594653503,关联节点,上下肢脱节
douyin_7360524758594653503,关联节点,前臂屈伸肌群
douyin_7360524758594653503,关联节点,核心抗前冲定点投
douyin_7360524758594653503,关联节点,核心稳定肌群
douyin_7360524758594653503,关联节点,肘腕释放链
douyin_7360524758594653503,关联节点,肩胛稳定肌群
douyin_7360524758594653503,关联节点,证据不足
douyin_7362466119086656804,关联节点,上下肢脱节
douyin_7362466119086656804,关联节点,下肢蹬伸链
douyin_7362466119086656804,关联节点,球路侧偏
douyin_7362466119086656804,关联节点,球路偏左偏右
douyin_7362466119086656804,关联节点,证据不足
douyin_7362466119086656804,关联节点,近筐节奏投
douyin_7362466119086656804,关联节点,重心前冲
douyin_7369109244836187427,关联节点,下肢蹬伸链
douyin_7369109244836187427,关联节点,前臂屈伸肌群
douyin_7369109244836187427,关联节点,手肘外翻
douyin_7369109244836187427,关联节点,核心抗前冲定点投
douyin_7369109244836187427,关联节点,球路侧偏
douyin_7369109244836187427,关联节点,球路偏左偏右
douyin_7369109244836187427,关联节点,肘腕力线不直
douyin_7369109244836187427,关联节点,肘腕释放链
douyin_7369109244836187427,关联节点,证据不足
douyin_7370034447661534473,关联节点,三角肌前束
douyin_7370034447661534473,关联节点,上下肢脱节
douyin_7370034447661534473,关联节点,前臂屈伸肌群
douyin_7370034447661534473,关联节点,单手直线投篮
douyin_7370034447661534473,关联节点,肘腕力线不直
douyin_7370034447661534473,关联节点,肘腕释放链
douyin_7370034447661534473,关联节点,证据不足
douyin_7370034447661534473,关联节点,躯干前倾过大
douyin_7370034447661534473,关联节点,辅助手发力
douyin_7370034447661534473,关联节点,近筐节奏投
douyin_7370034447661534473,关联节点,重心前冲
douyin_7372937628032748835,关联节点,证据不足
douyin_7376869979070778658,关联节点,上下肢脱节
douyin_7376869979070778658,关联节点,证据不足
douyin_7377476860415970601,关联节点,三角肌前束
douyin_7377476860415970601,关联节点,低位到高位起球
douyin_7377476860415970601,关联节点,前臂屈伸肌群
douyin_7377476860415970601,关联节点,手肘外翻
douyin_7377476860415970601,关联节点,核心抗前冲定点投
douyin_7377476860415970601,关联节点,球路侧偏
douyin_7377476860415970601,关联节点,球路偏左偏右
douyin_7377476860415970601,关联节点,肘腕力线不直
douyin_7377476860415970601,关联节点,肘腕释放链
douyin_7377476860415970601,关联节点,证据不足
douyin_7385163314084515082,关联节点,上下肢脱节
douyin_7385163314084515082,关联节点,下肢蹬伸链
douyin_7385163314084515082,关联节点,伸髋不足
douyin_7385163314084515082,关联节点,伸髋起球
douyin_7385163314084515082,关联节点,出手高度低
douyin_7385163314084515082,关联节点,前臂屈伸肌群
douyin_7385163314084515082,关联节点,核心抗前冲定点投
douyin_7385163314084515082,关联节点,肘腕释放链
douyin_7385163314084515082,关联节点,股四头肌
douyin_7385163314084515082,关联节点,膝髋伸展不足
douyin_7385163314084515082,关联节点,证据不足
douyin_7385163314084515082,关联节点,近筐节奏投
douyin_7385163314084515082,关联节点,释放点低
douyin_7385163314084515082,关联节点,重心前冲
douyin_7393553471594630452,关联节点,三角肌前束
douyin_7393553471594630452,关联节点,上下肢脱节
douyin_7393553471594630452,关联节点,下肢蹬伸链
douyin_7393553471594630452,关联节点,前臂屈伸肌群
douyin_7393553471594630452,关联节点,手肘外翻
douyin_7393553471594630452,关联节点,球路侧偏
douyin_7393553471594630452,关联节点,球路偏左偏右
douyin_7393553471594630452,关联节点,肘腕释放链
douyin_7393553471594630452,关联节点,腓肠肌
douyin_7393553471594630452,关联节点,证据不足
douyin_7393553471594630452,关联节点,足踝压弹链
douyin_7393553471594630452,关联节点,躯干旋转控制
douyin_7404372935915408680,关联节点,三角肌前束
douyin_7404372935915408680,关联节点,上下肢脱节
douyin_7404372935915408680,关联节点,下肢蹬伸链
douyin_7404372935915408680,关联节点,核心稳定肌群
douyin_7404372935915408680,关联节点,肘腕释放链
douyin_7404372935915408680,关联节点,证据不足
douyin_7404372935915408680,关联节点,辅助手发力
douyin_7404372935915408680,关联节点,近筐节奏投
douyin_7404372935915408680,关联节点,重心前冲
douyin_7426252318347169062,关联节点,上下肢脱节
douyin_7426252318347169062,关联节点,下肢蹬伸链
douyin_7426252318347169062,关联节点,核心抗前冲
douyin_7426252318347169062,关联节点,核心稳定肌群
douyin_7426252318347169062,关联节点,腓肠肌
douyin_7426252318347169062,关联节点,膝髋伸展不足
douyin_7426252318347169062,关联节点,证据不足
douyin_7426252318347169062,关联节点,足踝压弹链
douyin_7426252318347169062,关联节点,蹬地起球不同步
douyin_7426252318347169062,关联节点,躯干前倾过大
douyin_7426252318347169062,关联节点,重心前冲
douyin_7427814516467060005,关联节点,前臂屈伸肌群
douyin_7427814516467060005,关联节点,肘腕释放链
douyin_7427814516467060005,关联节点,证据不足
douyin_7431142699882908937,关联节点,三角肌前束
douyin_7431142699882908937,关联节点,下肢蹬伸链
douyin_7431142699882908937,关联节点,前臂屈伸肌群
douyin_7431142699882908937,关联节点,垫步触地即弹
douyin_7431142699882908937,关联节点,肘腕释放链
douyin_7431142699882908937,关联节点,肱三头肌
douyin_7431142699882908937,关联节点,证据不足
douyin_7431142699882908937,关联节点,躯干旋转控制
douyin_7431791686927404297,关联节点,证据不足
douyin_7432518675426463013,关联节点,三角肌前束
douyin_7432518675426463013,关联节点,上下肢脱节
douyin_7432518675426463013,关联节点,前臂屈伸肌群
douyin_7432518675426463013,关联节点,球路侧偏
douyin_7432518675426463013,关联节点,球路偏左偏右
douyin_7432518675426463013,关联节点,肘腕释放链
douyin_7432518675426463013,关联节点,证据不足
douyin_7435471177138621748,关联节点,下肢蹬伸链
douyin_7435471177138621748,关联节点,前臂屈伸肌群
douyin_7435471177138621748,关联节点,垫步触地即弹
douyin_7435471177138621748,关联节点,肘腕释放链
douyin_7435471177138621748,关联节点,腓肠肌
douyin_7435471177138621748,关联节点,证据不足
douyin_7435471177138621748,关联节点,足踝压弹链
douyin_7435471177138621748,关联节点,躯干旋转控制
douyin_7448242468799155496,关联节点,三角肌前束
douyin_7448242468799155496,关联节点,下肢蹬伸链
douyin_7448242468799155496,关联节点,前臂屈伸肌群
douyin_7448242468799155496,关联节点,核心抗前冲定点投
douyin_7448242468799155496,关联节点,球路侧偏
douyin_7448242468799155496,关联节点,球路偏左偏右
douyin_7448242468799155496,关联节点,肘腕释放链
douyin_7448242468799155496,关联节点,膝髋伸展不足
douyin_7448242468799155496,关联节点,证据不足
douyin_7450331067870924059,关联节点,下肢蹬伸链
douyin_7450331067870924059,关联节点,股四头肌
douyin_7450331067870924059,关联节点,腓肠肌
douyin_7450331067870924059,关联节点,膝髋伸展不足
douyin_7450331067870924059,关联节点,证据不足
douyin_7450331067870924059,关联节点,躯干前倾过大
douyin_7450331067870924059,关联节点,重心前冲
douyin_7457390590817373476,关联节点,三角肌前束
douyin_7457390590817373476,关联节点,前臂屈伸肌群
douyin_7457390590817373476,关联节点,核心抗前冲
douyin_7457390590817373476,关联节点,核心稳定不足
douyin_7457390590817373476,关联节点,肘腕释放链
douyin_7457390590817373476,关联节点,证据不足
douyin_7458281458281483556,关联节点,三角肌前束
douyin_7458281458281483556,关联节点,上下肢脱节
douyin_7458281458281483556,关联节点,前臂屈伸肌群
douyin_7458281458281483556,关联节点,单手直线投篮
douyin_7458281458281483556,关联节点,手肘外翻
douyin_7458281458281483556,关联节点,手腕侧拨或扭曲
douyin_7458281458281483556,关联节点,核心抗前冲定点投
douyin_7458281458281483556,关联节点,球路侧偏
douyin_7458281458281483556,关联节点,球路偏左偏右
douyin_7458281458281483556,关联节点,肘腕力线不直
douyin_7458281458281483556,关联节点,肘腕释放链
douyin_7458281458281483556,关联节点,证据不足
douyin_7458281458281483556,关联节点,辅助手发力
douyin_7458281458281483556,关联节点,辅助手未及时分离
douyin_7458281458281483556,关联节点,近筐节奏投
douyin_7464447720997113126,关联节点,上下肢脱节
douyin_7464447720997113126,关联节点,下肢压缩过深
douyin_7464447720997113126,关联节点,下肢蹬伸链
douyin_7464447720997113126,关联节点,低位到高位起球
douyin_7464447720997113126,关联节点,压弹式起跳训练
douyin_7464447720997113126,关联节点,垫步触地即弹
douyin_7464447720997113126,关联节点,无球蹬地起球同步
douyin_7464447720997113126,关联节点,核心稳定肌群
douyin_7464447720997113126,关联节点,筋膜弹性与牵张反射
douyin_7464447720997113126,关联节点,腓肠肌
douyin_7464447720997113126,关联节点,膝髋伸展不足
douyin_7464447720997113126,关联节点,证据不足
douyin_7464447720997113126,关联节点,起跳慢
douyin_7464447720997113126,关联节点,蹬地起球不同步
douyin_7465662037994016009,关联节点,上下肢脱节
douyin_7465662037994016009,关联节点,下肢蹬伸链
douyin_7465662037994016009,关联节点,伸髋不足
douyin_7465662037994016009,关联节点,伸髋起球
douyin_7465662037994016009,关联节点,前臂屈伸肌群
douyin_7465662037994016009,关联节点,核心抗前冲定点投
douyin_7465662037994016009,关联节点,肘腕释放链
douyin_7465662037994016009,关联节点,股四头肌
douyin_7465662037994016009,关联节点,膝髋伸展不足
douyin_7465662037994016009,关联节点,臀大肌
douyin_7465662037994016009,关联节点,证据不足
douyin_7465662037994016009,关联节点,躯干前倾过大
douyin_7465662037994016009,关联节点,近筐节奏投
douyin_7465662037994016009,关联节点,重心前冲
douyin_7471214412595088666,关联节点,三角肌前束
douyin_7471214412595088666,关联节点,上下肢脱节
douyin_7471214412595088666,关联节点,下肢蹬伸链
douyin_7471214412595088666,关联节点,手快脚慢
douyin_7471214412595088666,关联节点,腓肠肌
douyin_7471214412595088666,关联节点,膝髋伸展不足
douyin_7471214412595088666,关联节点,证据不足
douyin_7471214412595088666,关联节点,足踝压弹链
douyin_7471214412595088666,关联节点,蹬地起球不同步
douyin_7471214412595088666,关联节点,重心前冲
douyin_7479695041884097830,关联节点,三角肌前束
douyin_7479695041884097830,关联节点,下肢蹬伸链
douyin_7479695041884097830,关联节点,前臂屈伸肌群
douyin_7479695041884097830,关联节点,手肘外翻
douyin_7479695041884097830,关联节点,肘腕力线不直
douyin_7479695041884097830,关联节点,肘腕释放链
douyin_7479695041884097830,关联节点,肱三头肌
douyin_7479695041884097830,关联节点,腓肠肌
douyin_7479695041884097830,关联节点,膝髋伸展不足
douyin_7479695041884097830,关联节点,证据不足
douyin_7479695041884097830,关联节点,辅助手发力
douyin_7479695041884097830,关联节点,辅助手未及时分离
douyin_7479695041884097830,关联节点,重心前冲
douyin_7480240118100413706,关联节点,下肢蹬伸链
douyin_7480240118100413706,关联节点,前臂屈伸肌群
douyin_7480240118100413706,关联节点,手肘外翻
douyin_7480240118100413706,关联节点,球路侧偏
douyin_7480240118100413706,关联节点,球路偏左偏右
douyin_7480240118100413706,关联节点,肘腕力线不直
douyin_7480240118100413706,关联节点,肘腕释放链
douyin_7480240118100413706,关联节点,证据不足
douyin_7480774509432147251,关联节点,上下肢脱节
douyin_7480774509432147251,关联节点,下肢蹬伸链
douyin_7480774509432147251,关联节点,前臂屈伸肌群
douyin_7480774509432147251,关联节点,核心抗前冲定点投
douyin_7480774509432147251,关联节点,肘腕力线不直
douyin_7480774509432147251,关联节点,肘腕释放链
douyin_7480774509432147251,关联节点,膝髋伸展不足
douyin_7480774509432147251,关联节点,证据不足
douyin_7480774509432147251,关联节点,近筐节奏投
douyin_7482228181894728971,关联节点,三角肌前束
douyin_7482228181894728971,关联节点,上下肢脱节
douyin_7482228181894728971,关联节点,下肢蹬伸链
douyin_7482228181894728971,关联节点,手快脚慢
douyin_7482228181894728971,关联节点,手肘外翻
douyin_7482228181894728971,关联节点,核心抗前冲
douyin_7482228181894728971,关联节点,核心稳定不足
douyin_7482228181894728971,关联节点,球路侧偏
douyin_7482228181894728971,关联节点,球路偏左偏右
douyin_7482228181894728971,关联节点,证据不足
douyin_7482228181894728971,关联节点,躯干旋转控制
douyin_7483369907036376370,关联节点,三角肌前束
douyin_7483369907036376370,关联节点,下肢蹬伸链
douyin_7483369907036376370,关联节点,出手高度低
douyin_7483369907036376370,关联节点,前臂屈伸肌群
douyin_7483369907036376370,关联节点,压弹式起跳训练
douyin_7483369907036376370,关联节点,无球蹬地起球同步
douyin_7483369907036376370,关联节点,肘腕释放链
douyin_7483369907036376370,关联节点,腓肠肌
douyin_7483369907036376370,关联节点,证据不足
douyin_7483369907036376370,关联节点,足踝压弹链
douyin_7483369907036376370,关联节点,释放点低
douyin_7483739808062328073,关联节点,三角肌前束
douyin_7483739808062328073,关联节点,上下肢脱节
douyin_7483739808062328073,关联节点,上肢提前主导
douyin_7483739808062328073,关联节点,下肢蹬伸链
douyin_7483739808062328073,关联节点,前臂屈伸肌群
douyin_7483739808062328073,关联节点,手快脚慢
douyin_7483739808062328073,关联节点,手肘外翻
douyin_7483739808062328073,关联节点,无球蹬地起球同步
douyin_7483739808062328073,关联节点,肘腕释放链
douyin_7483739808062328073,关联节点,股四头肌
douyin_7483739808062328073,关联节点,膝髋伸展不足
douyin_7483739808062328073,关联节点,证据不足
douyin_7483739808062328073,关联节点,蹬地起球不同步
douyin_7484477433110940980,关联节点,三角肌前束
douyin_7484477433110940980,关联节点,上下肢脱节
douyin_7484477433110940980,关联节点,上肢提前主导
douyin_7484477433110940980,关联节点,下肢蹬伸链
douyin_7484477433110940980,关联节点,前臂屈伸肌群
douyin_7484477433110940980,关联节点,肘腕力线不直
douyin_7484477433110940980,关联节点,肘腕释放链
douyin_7484477433110940980,关联节点,证据不足
douyin_7484477433110940980,关联节点,躯干前倾过大
douyin_7484477433110940980,关联节点,重心前冲
douyin_7485587485167226151,关联节点,三角肌前束
douyin_7485587485167226151,关联节点,上下肢脱节
douyin_7485587485167226151,关联节点,上肢提前主导
douyin_7485587485167226151,关联节点,下肢蹬伸链
douyin_7485587485167226151,关联节点,低位到高位起球
douyin_7485587485167226151,关联节点,前臂屈伸肌群
douyin_7485587485167226151,关联节点,核心抗前冲
douyin_7485587485167226151,关联节点,核心稳定不足
douyin_7485587485167226151,关联节点,肘腕释放链
douyin_7485587485167226151,关联节点,股四头肌
douyin_7485587485167226151,关联节点,证据不足
douyin_7485587485167226151,关联节点,起跳慢
douyin_7485587485167226151,关联节点,重心前冲
douyin_7486294410494299428,关联节点,三角肌前束
douyin_7486294410494299428,关联节点,上下肢脱节
douyin_7486294410494299428,关联节点,下肢蹬伸链
douyin_7486294410494299428,关联节点,前臂屈伸肌群
douyin_7486294410494299428,关联节点,手腕侧拨或扭曲
douyin_7486294410494299428,关联节点,肘腕力线不直
douyin_7486294410494299428,关联节点,肘腕释放链
douyin_7486294410494299428,关联节点,膝髋伸展不足
douyin_7486294410494299428,关联节点,证据不足
douyin_7486294410494299428,关联节点,躯干旋转控制
douyin_7487420132151627071,关联节点,上下肢脱节
douyin_7487420132151627071,关联节点,前臂屈伸肌群
douyin_7487420132151627071,关联节点,单手直线投篮
douyin_7487420132151627071,关联节点,肘腕释放链
douyin_7487420132151627071,关联节点,证据不足
douyin_7487420132151627071,关联节点,近筐节奏投
douyin_7489500979885395210,关联节点,三角肌前束
douyin_7489500979885395210,关联节点,上下肢脱节
douyin_7489500979885395210,关联节点,上肢提前主导
douyin_7489500979885395210,关联节点,下肢蹬伸链
douyin_7489500979885395210,关联节点,证据不足
douyin_7489500979885395210,关联节点,躯干旋转控制
douyin_7490627475781733683,关联节点,三角肌前束
douyin_7490627475781733683,关联节点,上下肢脱节
douyin_7490627475781733683,关联节点,下肢蹬伸链
douyin_7490627475781733683,关联节点,前臂屈伸肌群
douyin_7490627475781733683,关联节点,单手直线投篮
douyin_7490627475781733683,关联节点,核心抗前冲
douyin_7490627475781733683,关联节点,核心抗前冲定点投
douyin_7490627475781733683,关联节点,核心稳定不足
douyin_7490627475781733683,关联节点,球路侧偏
douyin_7490627475781733683,关联节点,球路偏左偏右
douyin_7490627475781733683,关联节点,肘腕释放链
douyin_7490627475781733683,关联节点,证据不足
douyin_7490627475781733683,关联节点,躯干旋转控制
douyin_7490627475781733683,关联节点,近筐节奏投
douyin_7491387667301551395,关联节点,三角肌前束
douyin_7491387667301551395,关联节点,下肢蹬伸链
douyin_7491387667301551395,关联节点,前臂屈伸肌群
douyin_7491387667301551395,关联节点,核心稳定肌群
douyin_7491387667301551395,关联节点,球路侧偏
douyin_7491387667301551395,关联节点,球路偏左偏右
douyin_7491387667301551395,关联节点,肘腕释放链
douyin_7491387667301551395,关联节点,证据不足
douyin_7492347327257070857,关联节点,上下肢脱节
douyin_7492347327257070857,关联节点,证据不足
douyin_7493987762757045539,关联节点,三角肌前束
douyin_7493987762757045539,关联节点,上下肢脱节
douyin_7493987762757045539,关联节点,上肢提前主导
douyin_7493987762757045539,关联节点,下肢蹬伸链
douyin_7493987762757045539,关联节点,伸髋不足
douyin_7493987762757045539,关联节点,伸髋起球
douyin_7493987762757045539,关联节点,前臂屈伸肌群
douyin_7493987762757045539,关联节点,核心抗前冲
douyin_7493987762757045539,关联节点,核心稳定不足
douyin_7493987762757045539,关联节点,核心稳定肌群
douyin_7493987762757045539,关联节点,肘腕释放链
douyin_7493987762757045539,关联节点,股四头肌
douyin_7493987762757045539,关联节点,肱三头肌
douyin_7493987762757045539,关联节点,腓肠肌
douyin_7493987762757045539,关联节点,膝髋伸展不足
douyin_7493987762757045539,关联节点,证据不足
douyin_7493987762757045539,关联节点,足踝压弹链
douyin_7493987762757045539,关联节点,躯干前倾过大
douyin_7493987762757045539,关联节点,重心前冲
douyin_7499526500169895178,关联节点,三角肌前束
douyin_7499526500169895178,关联节点,前臂屈伸肌群
douyin_7499526500169895178,关联节点,核心抗前冲定点投
douyin_7499526500169895178,关联节点,肘腕释放链
douyin_7499526500169895178,关联节点,股四头肌
douyin_7499526500169895178,关联节点,证据不足
douyin_7499526500169895178,关联节点,近筐节奏投
douyin_7501555893349469466,关联节点,三角肌前束
douyin_7501555893349469466,关联节点,下肢蹬伸链
douyin_7501555893349469466,关联节点,前臂屈伸肌群
douyin_7501555893349469466,关联节点,核心抗前冲
douyin_7501555893349469466,关联节点,核心抗前冲定点投
douyin_7501555893349469466,关联节点,核心稳定不足
douyin_7501555893349469466,关联节点,肘腕释放链
douyin_7501555893349469466,关联节点,膝髋伸展不足
douyin_7501555893349469466,关联节点,证据不足
douyin_7503782025742404875,关联节点,下肢蹬伸链
douyin_7503782025742404875,关联节点,前臂屈伸肌群
douyin_7503782025742404875,关联节点,核心抗前冲定点投
douyin_7503782025742404875,关联节点,球路侧偏
douyin_7503782025742404875,关联节点,球路偏左偏右
douyin_7503782025742404875,关联节点,肘腕释放链
douyin_7503782025742404875,关联节点,肩胛稳定肌群
douyin_7503782025742404875,关联节点,证据不足
douyin_7503782025742404875,关联节点,重心前冲
douyin_7505624436997999923,关联节点,下肢蹬伸链
douyin_7505624436997999923,关联节点,前臂屈伸肌群
douyin_7505624436997999923,关联节点,核心抗前冲
douyin_7505624436997999923,关联节点,核心抗前冲定点投
douyin_7505624436997999923,关联节点,核心稳定不足
douyin_7505624436997999923,关联节点,肘腕力线不直
douyin_7505624436997999923,关联节点,肘腕释放链
douyin_7505624436997999923,关联节点,证据不足
douyin_7507357236495125770,关联节点,三角肌前束
douyin_7507357236495125770,关联节点,上下肢脱节
douyin_7507357236495125770,关联节点,下肢蹬伸链
douyin_7507357236495125770,关联节点,垫步触地即弹
douyin_7507357236495125770,关联节点,核心稳定不足
douyin_7507357236495125770,关联节点,球路侧偏
douyin_7507357236495125770,关联节点,球路偏左偏右
douyin_7507357236495125770,关联节点,肘腕释放链
douyin_7507357236495125770,关联节点,膝髋伸展不足
douyin_7507357236495125770,关联节点,证据不足
douyin_7507357236495125770,关联节点,近筐节奏投
douyin_7508822081828637961,关联节点,三角肌前束
douyin_7508822081828637961,关联节点,下肢蹬伸链
douyin_7508822081828637961,关联节点,前臂屈伸肌群
douyin_7508822081828637961,关联节点,手肘外翻
douyin_7508822081828637961,关联节点,核心抗前冲定点投
douyin_7508822081828637961,关联节点,核心稳定肌群
douyin_7508822081828637961,关联节点,肘腕释放链
douyin_7508822081828637961,关联节点,证据不足
douyin_7508822081828637961,关联节点,重心前冲
douyin_7510238259260198144,关联节点,三角肌前束
douyin_7510238259260198144,关联节点,低位到高位起球
douyin_7510238259260198144,关联节点,前臂屈伸肌群
douyin_7510238259260198144,关联节点,单手直线投篮
douyin_7510238259260198144,关联节点,手肘外翻
douyin_7510238259260198144,关联节点,球路侧偏
douyin_7510238259260198144,关联节点,球路偏左偏右
douyin_7510238259260198144,关联节点,肘腕力线不直
douyin_7510238259260198144,关联节点,肘腕释放链
douyin_7510238259260198144,关联节点,证据不足
douyin_7510238259260198144,关联节点,辅助手发力
douyin_7510238259260198144,关联节点,辅助手隔离训练
douyin_7513995676607384883,关联节点,三角肌前束
douyin_7513995676607384883,关联节点,下肢蹬伸链
douyin_7513995676607384883,关联节点,伸髋不足
douyin_7513995676607384883,关联节点,伸髋起球
douyin_7513995676607384883,关联节点,前臂屈伸肌群
douyin_7513995676607384883,关联节点,手肘外翻
douyin_7513995676607384883,关联节点,核心抗前冲
douyin_7513995676607384883,关联节点,核心抗前冲定点投
douyin_7513995676607384883,关联节点,核心稳定不足
douyin_7513995676607384883,关联节点,肘腕释放链
douyin_7513995676607384883,关联节点,股四头肌
douyin_7513995676607384883,关联节点,膝髋伸展不足
douyin_7513995676607384883,关联节点,证据不足
douyin_7513995676607384883,关联节点,躯干前倾过大
douyin_7513995676607384883,关联节点,近筐节奏投
douyin_7513995676607384883,关联节点,重心前冲
douyin_7525493225554038056,关联节点,前臂屈伸肌群
douyin_7525493225554038056,关联节点,核心稳定肌群
douyin_7525493225554038056,关联节点,肘腕释放链
douyin_7525493225554038056,关联节点,证据不足
douyin_7539987501855886638,关联节点,三角肌前束
douyin_7539987501855886638,关联节点,上肢提前主导
douyin_7539987501855886638,关联节点,下肢蹬伸链
douyin_7539987501855886638,关联节点,前臂屈伸肌群
douyin_7539987501855886638,关联节点,球路侧偏
douyin_7539987501855886638,关联节点,球路偏左偏右
douyin_7539987501855886638,关联节点,肘腕释放链
douyin_7539987501855886638,关联节点,膝髋伸展不足
douyin_7539987501855886638,关联节点,证据不足
douyin_7539987501855886638,关联节点,躯干旋转控制
douyin_7552362733249793315,关联节点,三角肌前束
douyin_7552362733249793315,关联节点,上下肢脱节
douyin_7552362733249793315,关联节点,下肢蹬伸链
douyin_7552362733249793315,关联节点,前臂屈伸肌群
douyin_7552362733249793315,关联节点,球路侧偏
douyin_7552362733249793315,关联节点,球路偏左偏右
douyin_7552362733249793315,关联节点,肘腕释放链
douyin_7552362733249793315,关联节点,证据不足
douyin_7575385579668524315,关联节点,三角肌前束
douyin_7575385579668524315,关联节点,上肢提前主导
douyin_7575385579668524315,关联节点,下肢蹬伸链
douyin_7575385579668524315,关联节点,前臂屈伸肌群
douyin_7575385579668524315,关联节点,球路侧偏
douyin_7575385579668524315,关联节点,球路偏左偏右
douyin_7575385579668524315,关联节点,肘腕释放链
douyin_7575385579668524315,关联节点,证据不足
douyin_7576855772332608774,关联节点,三角肌前束
douyin_7576855772332608774,关联节点,下肢蹬伸链
douyin_7576855772332608774,关联节点,低位到高位起球
douyin_7576855772332608774,关联节点,前臂屈伸肌群
douyin_7576855772332608774,关联节点,肘腕力线不直
douyin_7576855772332608774,关联节点,肘腕释放链
douyin_7576855772332608774,关联节点,膝髋伸展不足
douyin_7576855772332608774,关联节点,证据不足
douyin_7582532179743493435,关联节点,三角肌前束
douyin_7582532179743493435,关联节点,上下肢脱节
douyin_7582532179743493435,关联节点,下肢蹬伸链
douyin_7582532179743493435,关联节点,伸髋不足
douyin_7582532179743493435,关联节点,伸髋起球
douyin_7582532179743493435,关联节点,手快脚慢
douyin_7582532179743493435,关联节点,无球蹬地起球同步
douyin_7582532179743493435,关联节点,核心抗前冲
douyin_7582532179743493435,关联节点,股四头肌
douyin_7582532179743493435,关联节点,臀大肌
douyin_7582532179743493435,关联节点,证据不足
douyin_7582532179743493435,关联节点,起球早于屈膝
douyin_7582532179743493435,关联节点,蹬地起球不同步
douyin_7582532179743493435,关联节点,躯干前倾过大
douyin_7582532179743493435,关联节点,重心前冲
douyin_7629305320225255012,关联节点,三角肌前束
douyin_7629305320225255012,关联节点,上肢提前主导
douyin_7629305320225255012,关联节点,下肢蹬伸链
douyin_7629305320225255012,关联节点,低位到高位起球
douyin_7629305320225255012,关联节点,前臂屈伸肌群
douyin_7629305320225255012,关联节点,核心抗前冲定点投
douyin_7629305320225255012,关联节点,核心稳定肌群
douyin_7629305320225255012,关联节点,球路侧偏
douyin_7629305320225255012,关联节点,球路偏左偏右
douyin_7629305320225255012,关联节点,肘腕力线不直
douyin_7629305320225255012,关联节点,肘腕释放链
douyin_7629305320225255012,关联节点,证据不足
douyin_7629305320225255012,关联节点,躯干旋转控制
三角肌前束,共现,上下肢脱节
三角肌前束,共现,上肢提前主导
三角肌前束,共现,下肢压缩过深
三角肌前束,共现,下肢蹬伸链
三角肌前束,共现,伸髋不足
三角肌前束,共现,伸髋起球
三角肌前束,共现,低位到高位起球
三角肌前束,共现,出手高度低
三角肌前束,共现,单手直线投篮
三角肌前束,共现,压弹式起跳训练
三角肌前束,共现,垫步触地即弹
三角肌前束,共现,手快脚慢
三角肌前束,共现,手肘外翻
三角肌前束,共现,手腕侧拨或扭曲
三角肌前束,共现,无球蹬地起球同步
三角肌前束,共现,核心抗前冲
三角肌前束,共现,核心抗前冲定点投
三角肌前束,共现,核心稳定不足
三角肌前束,共现,球路侧偏
三角肌前束,共现,球路偏左偏右
三角肌前束,共现,筋膜弹性与牵张反射
三角肌前束,共现,肘腕力线不直
三角肌前束,共现,肘腕释放链
三角肌前束,共现,膝髋伸展不足
三角肌前束,共现,证据不足
三角肌前束,共现,起球早于屈膝
三角肌前束,共现,起跳慢
三角肌前束,共现,足踝压弹链
三角肌前束,共现,蹬地起球不同步
三角肌前束,共现,躯干前倾过大
三角肌前束,共现,躯干旋转控制
三角肌前束,共现,辅助手发力
三角肌前束,共现,辅助手未及时分离
三角肌前束,共现,辅助手隔离训练
三角肌前束,共现,近筐节奏投
三角肌前束,共现,释放点低
三角肌前束,共现,重心前冲
三角肌前束,参与倾向,上肢提前主导
三角肌前束,相关问题,手快脚慢
上下肢脱节,依赖修复,伸髋起球
上下肢脱节,共现,三角肌前束
上下肢脱节,共现,上肢提前主导
上下肢脱节,共现,下肢压缩过深
上下肢脱节,共现,下肢蹬伸链
上下肢脱节,共现,伸髋带动起球
上下肢脱节,共现,伸髋起球
上下肢脱节,共现,低位到高位起球
上下肢脱节,共现,出手高度低
上下肢脱节,共现,前臂屈伸肌群
上下肢脱节,共现,单手直线投篮
上下肢脱节,共现,压弹式起跳训练
上下肢脱节,共现,垫步触地即弹
上下肢脱节,共现,手肘外翻
上下肢脱节,共现,手腕侧拨或扭曲
上下肢脱节,共现,无球蹬地起球同步
上下肢脱节,共现,核心抗前冲
上下肢脱节,共现,核心抗前冲定点投
上下肢脱节,共现,核心稳定不足
上下肢脱节,共现,核心稳定肌群
上下肢脱节,共现,球路偏左偏右
上下肢脱节,共现,筋膜弹性与牵张反射
上下肢脱节,共现,肘腕释放链
上下肢脱节,共现,股四头肌
上下肢脱节,共现,肩胛稳定肌群
上下肢脱节,共现,肱三头肌
上下肢脱节,共现,腓肠肌
上下肢脱节,共现,腘绳肌
上下肢脱节,共现,膝髋伸展不足
上下肢脱节,共现,臀大肌
上下肢脱节,共现,起球早于屈膝
上下肢脱节,共现,足踝压弹链
上下肢脱节,共现,蹬地起球不同步
上下肢脱节,共现,躯干前倾过大
上下肢脱节,共现,躯干旋转控制
上下肢脱节,共现,辅助手未及时分离
上下肢脱节,共现,近筐节奏投
上下肢脱节,共现,髂腰肌
上下肢脱节,破坏/断开,下肢蹬伸链
上肢提前主导,共现,三角肌前束
上肢提前主导,共现,上下肢脱节
上肢提前主导,共现,下肢压缩过深
上肢提前主导,共现,伸髋不足
上肢提前主导,共现,低位到高位起球
上肢提前主导,共现,出手高度低
上肢提前主导,共现,前臂屈伸肌群
上肢提前主导,共现,垫步触地即弹
上肢提前主导,共现,手快脚慢
上肢提前主导,共现,手肘外翻
上肢提前主导,共现,无球蹬地起球同步
上肢提前主导,共现,核心抗前冲定点投
上肢提前主导,共现,核心稳定不足
上肢提前主导,共现,核心稳定肌群
上肢提前主导,共现,球路侧偏
上肢提前主导,共现,球路偏左偏右
上肢提前主导,共现,肘腕力线不直
上肢提前主导,共现,股四头肌
上肢提前主导,共现,肩胛稳定肌群
上肢提前主导,共现,肱三头肌
上肢提前主导,共现,腓肠肌
上肢提前主导,共现,腘绳肌
上肢提前主导,共现,膝髋伸展不足
上肢提前主导,共现,臀大肌
上肢提前主导,共现,证据不足
上肢提前主导,共现,起跳慢
上肢提前主导,共现,蹬地起球不同步
上肢提前主导,共现,躯干前倾过大
上肢提前主导,共现,近筐节奏投
上肢提前主导,共现,释放点低
上肢提前主导,共现,重心前冲
下肢压缩过深,共现,三角肌前束
下肢压缩过深,共现,上下肢脱节
下肢压缩过深,共现,上肢提前主导
下肢压缩过深,共现,下肢蹬伸链
下肢压缩过深,共现,低位到高位起球
下肢压缩过深,共现,前臂屈伸肌群
下肢压缩过深,共现,单手直线投篮
下肢压缩过深,共现,压弹式起跳训练
下肢压缩过深,共现,垫步触地即弹
下肢压缩过深,共现,手快脚慢
下肢压缩过深,共现,无球蹬地起球同步
下肢压缩过深,共现,核心稳定肌群
下肢压缩过深,共现,球路侧偏
下肢压缩过深,共现,筋膜弹性与牵张反射
下肢压缩过深,共现,肘腕力线不直
下肢压缩过深,共现,肘腕释放链
下肢压缩过深,共现,股四头肌
下肢压缩过深,共现,肱三头肌
下肢压缩过深,共现,腓肠肌
下肢压缩过深,共现,证据不足
下肢压缩过深,共现,起跳慢
下肢压缩过深,共现,足踝压弹链
下肢压缩过深,共现,辅助手发力
下肢压缩过深,共现,近筐节奏投
下肢压缩过深,共现,重心前冲
下肢压缩过深,提示,起跳慢
下肢蹬伸链,共现,三角肌前束
下肢蹬伸链,共现,上下肢脱节
下肢蹬伸链,共现,下肢压缩过深
下肢蹬伸链,共现,伸髋不足
下肢蹬伸链,共现,伸髋带动起球
下肢蹬伸链,共现,低位到高位起球
下肢蹬伸链,共现,出手高度低
下肢蹬伸链,共现,前臂屈伸肌群
下肢蹬伸链,共现,单手直线投篮
下肢蹬伸链,共现,压弹式起跳训练
下肢蹬伸链,共现,垫步触地即弹
下肢蹬伸链,共现,手快脚慢
下肢蹬伸链,共现,手肘外翻
下肢蹬伸链,共现,手腕侧拨或扭曲
下肢蹬伸链,共现,无球蹬地起球同步
下肢蹬伸链,共现,核心抗前冲定点投
下肢蹬伸链,共现,核心稳定不足
下肢蹬伸链,共现,核心稳定肌群
下肢蹬伸链,共现,球路侧偏
下肢蹬伸链,共现,球路偏左偏右
下肢蹬伸链,共现,肘腕力线不直
下肢蹬伸链,共现,股四头肌
下肢蹬伸链,共现,肩胛稳定肌群
下肢蹬伸链,共现,肱三头肌
下肢蹬伸链,共现,腓肠肌
下肢蹬伸链,共现,腘绳肌
下肢蹬伸链,共现,膝髋伸展不足
下肢蹬伸链,共现,臀大肌
下肢蹬伸链,共现,证据不足
下肢蹬伸链,共现,起球早于屈膝
下肢蹬伸链,共现,起跳慢
下肢蹬伸链,共现,蹬地起球不同步
下肢蹬伸链,共现,躯干前倾过大
下肢蹬伸链,共现,辅助手发力
下肢蹬伸链,共现,辅助手未及时分离
下肢蹬伸链,共现,辅助手隔离训练
下肢蹬伸链,共现,近筐节奏投
下肢蹬伸链,共现,释放点低
下肢蹬伸链,共现,重心前冲
下肢蹬伸链,共现,髂腰肌
下肢蹬伸链,相关肌群,股四头肌
下肢蹬伸链,相关肌群,腓肠肌
下肢蹬伸链,相关肌群,臀大肌
伸髋不足,修正训练,伸髋带动起球
伸髋不足,共现,三角肌前束
伸髋不足,共现,上肢提前主导
伸髋不足,共现,下肢蹬伸链
伸髋不足,共现,伸髋带动起球
伸髋不足,共现,伸髋起球
伸髋不足,共现,低位到高位起球
伸髋不足,共现,出手高度低
伸髋不足,共现,前臂屈伸肌群
伸髋不足,共现,压弹式起跳训练
伸髋不足,共现,垫步触地即弹
伸髋不足,共现,手肘外翻
伸髋不足,共现,无球蹬地起球同步
伸髋不足,共现,核心抗前冲
伸髋不足,共现,核心抗前冲定点投
伸髋不足,共现,核心稳定不足
伸髋不足,共现,核心稳定肌群
伸髋不足,共现,球路偏左偏右
伸髋不足,共现,筋膜弹性与牵张反射
伸髋不足,共现,肘腕释放链
伸髋不足,共现,股四头肌
伸髋不足,共现,肱三头肌
伸髋不足,共现,腓肠肌
伸髋不足,共现,膝髋伸展不足
伸髋不足,共现,臀大肌
伸髋不足,共现,起球早于屈膝
伸髋不足,共现,足踝压弹链
伸髋不足,共现,蹬地起球不同步
伸髋不足,共现,躯干前倾过大
伸髋不足,共现,躯干旋转控制
伸髋不足,共现,近筐节奏投
伸髋不足,共现,髂腰肌
伸髋带动起球,共现,上下肢脱节
伸髋带动起球,共现,下肢蹬伸链
伸髋带动起球,共现,伸髋不足
伸髋带动起球,共现,伸髋起球
伸髋带动起球,共现,手快脚慢
伸髋带动起球,共现,膝髋伸展不足
伸髋带动起球,共现,臀大肌
伸髋带动起球,共现,证据不足
伸髋带动起球,共现,起球早于屈膝
伸髋带动起球,共现,蹬地起球不同步
伸髋带动起球,共现,重心前冲
伸髋带动起球,共现,髂腰肌
伸髋起球,共现,三角肌前束
伸髋起球,共现,上下肢脱节
伸髋起球,共现,伸髋不足
伸髋起球,共现,伸髋带动起球
伸髋起球,共现,低位到高位起球
伸髋起球,共现,出手高度低
伸髋起球,共现,前臂屈伸肌群
伸髋起球,共现,压弹式起跳训练
伸髋起球,共现,垫步触地即弹
伸髋起球,共现,手快脚慢
伸髋起球,共现,手肘外翻
伸髋起球,共现,无球蹬地起球同步
伸髋起球,共现,核心抗前冲定点投
伸髋起球,共现,核心稳定不足
伸髋起球,共现,核心稳定肌群
伸髋起球,共现,球路侧偏
伸髋起球,共现,球路偏左偏右
伸髋起球,共现,肘腕力线不直
伸髋起球,共现,股四头肌
伸髋起球,共现,肱三头肌
伸髋起球,共现,腓肠肌
伸髋起球,共现,膝髋伸展不足
伸髋起球,共现,臀大肌
伸髋起球,共现,证据不足
伸髋起球,共现,起球早于屈膝
伸髋起球,共现,起跳慢
伸髋起球,共现,蹬地起球不同步
伸髋起球,共现,躯干前倾过大
伸髋起球,共现,辅助手发力
伸髋起球,共现,近筐节奏投
伸髋起球,共现,释放点低
伸髋起球,共现,重心前冲
伸髋起球,共现,髂腰肌
伸髋起球,相关肌群,臀大肌
低位到高位起球,共现,三角肌前束
低位到高位起球,共现,上下肢脱节
低位到高位起球,共现,上肢提前主导
低位到高位起球,共现,下肢压缩过深
低位到高位起球,共现,下肢蹬伸链
低位到高位起球,共现,伸髋不足
低位到高位起球,共现,伸髋起球
低位到高位起球,共现,出手高度低
低位到高位起球,共现,前臂屈伸肌群
低位到高位起球,共现,手肘外翻
低位到高位起球,共现,手腕侧拨或扭曲
低位到高位起球,共现,核心抗前冲
低位到高位起球,共现,核心稳定不足
低位到高位起球,共现,核心稳定肌群
低位到高位起球,共现,球路侧偏
低位到高位起球,共现,球路偏左偏右
低位到高位起球,共现,筋膜弹性与牵张反射
低位到高位起球,共现,肘腕力线不直
低位到高位起球,共现,肘腕释放链
低位到高位起球,共现,股四头肌
低位到高位起球,共现,肩胛稳定肌群
低位到高位起球,共现,肱三头肌
低位到高位起球,共现,腓肠肌
低位到高位起球,共现,腘绳肌
低位到高位起球,共现,膝髋伸展不足
低位到高位起球,共现,证据不足
低位到高位起球,共现,起球早于屈膝
低位到高位起球,共现,起跳慢
低位到高位起球,共现,足踝压弹链
低位到高位起球,共现,蹬地起球不同步
低位到高位起球,共现,躯干前倾过大
低位到高位起球,共现,躯干旋转控制
低位到高位起球,共现,辅助手发力
低位到高位起球,共现,辅助手未及时分离
低位到高位起球,共现,释放点低
低位到高位起球,共现,重心前冲
出手高度低,共现,三角肌前束
出手高度低,共现,上下肢脱节
出手高度低,共现,上肢提前主导
出手高度低,共现,下肢蹬伸链
出手高度低,共现,伸髋不足
出手高度低,共现,伸髋起球
出手高度低,共现,低位到高位起球
出手高度低,共现,前臂屈伸肌群
出手高度低,共现,单手直线投篮
出手高度低,共现,压弹式起跳训练
出手高度低,共现,垫步触地即弹
出手高度低,共现,手快脚慢
出手高度低,共现,无球蹬地起球同步
出手高度低,共现,核心抗前冲
出手高度低,共现,核心抗前冲定点投
出手高度低,共现,核心稳定肌群
出手高度低,共现,球路侧偏
出手高度低,共现,筋膜弹性与牵张反射
出手高度低,共现,肘腕力线不直
出手高度低,共现,肘腕释放链
出手高度低,共现,股四头肌
出手高度低,共现,肱三头肌
出手高度低,共现,腓肠肌
出手高度低,共现,证据不足
出手高度低,共现,足踝压弹链
出手高度低,共现,躯干旋转控制
出手高度低,共现,近筐节奏投
出手高度低,共现,释放点低
出手高度低,共现,重心前冲
出手高度低,提示,释放点低
前臂屈伸肌群,修正训练,单手直线投篮
前臂屈伸肌群,共现,上下肢脱节
前臂屈伸肌群,共现,上肢提前主导
前臂屈伸肌群,共现,下肢压缩过深
前臂屈伸肌群,共现,下肢蹬伸链
前臂屈伸肌群,共现,伸髋不足
前臂屈伸肌群,共现,伸髋起球
前臂屈伸肌群,共现,低位到高位起球
前臂屈伸肌群,共现,出手高度低
前臂屈伸肌群,共现,单手直线投篮
前臂屈伸肌群,共现,压弹式起跳训练
前臂屈伸肌群,共现,垫步触地即弹
前臂屈伸肌群,共现,手快脚慢
前臂屈伸肌群,共现,手肘外翻
前臂屈伸肌群,共现,手腕侧拨或扭曲
前臂屈伸肌群,共现,无球蹬地起球同步
前臂屈伸肌群,共现,核心抗前冲
前臂屈伸肌群,共现,核心抗前冲定点投
前臂屈伸肌群,共现,核心稳定不足
前臂屈伸肌群,共现,球路侧偏
前臂屈伸肌群,共现,球路偏左偏右
前臂屈伸肌群,共现,筋膜弹性与牵张反射
前臂屈伸肌群,共现,肘腕力线不直
前臂屈伸肌群,共现,肘腕释放链
前臂屈伸肌群,共现,膝髋伸展不足
前臂屈伸肌群,共现,证据不足
前臂屈伸肌群,共现,起球早于屈膝
前臂屈伸肌群,共现,起跳慢
前臂屈伸肌群,共现,足踝压弹链
前臂屈伸肌群,共现,蹬地起球不同步
前臂屈伸肌群,共现,躯干前倾过大
前臂屈伸肌群,共现,躯干旋转控制
前臂屈伸肌群,共现,辅助手发力
前臂屈伸肌群,共现,辅助手未及时分离
前臂屈伸肌群,共现,辅助手隔离训练
前臂屈伸肌群,共现,近筐节奏投
前臂屈伸肌群,共现,释放点低
前臂屈伸肌群,共现,重心前冲
前臂屈伸肌群,参与,肘腕释放链
前臂屈伸肌群,相关问题,球路侧偏
单手直线投篮,共现,三角肌前束
单手直线投篮,共现,上下肢脱节
单手直线投篮,共现,下肢压缩过深
单手直线投篮,共现,下肢蹬伸链
单手直线投篮,共现,出手高度低
单手直线投篮,共现,前臂屈伸肌群
单手直线投篮,共现,手肘外翻
单手直线投篮,共现,手腕侧拨或扭曲
单手直线投篮,共现,核心抗前冲
单手直线投篮,共现,核心稳定不足
单手直线投篮,共现,核心稳定肌群
单手直线投篮,共现,球路侧偏
单手直线投篮,共现,球路偏左偏右
单手直线投篮,共现,筋膜弹性与牵张反射
单手直线投篮,共现,肘腕力线不直
单手直线投篮,共现,肘腕释放链
单手直线投篮,共现,股四头肌
单手直线投篮,共现,腓肠肌
单手直线投篮,共现,膝髋伸展不足
单手直线投篮,共现,证据不足
单手直线投篮,共现,起跳慢
单手直线投篮,共现,足踝压弹链
单手直线投篮,共现,蹬地起球不同步
单手直线投篮,共现,躯干前倾过大
单手直线投篮,共现,躯干旋转控制
单手直线投篮,共现,辅助手发力
单手直线投篮,共现,辅助手未及时分离
单手直线投篮,共现,释放点低
单手直线投篮,共现,重心前冲
压弹式起跳训练,共现,三角肌前束
压弹式起跳训练,共现,上下肢脱节
压弹式起跳训练,共现,下肢压缩过深
压弹式起跳训练,共现,下肢蹬伸链
压弹式起跳训练,共现,伸髋不足
压弹式起跳训练,共现,伸髋起球
压弹式起跳训练,共现,出手高度低
压弹式起跳训练,共现,前臂屈伸肌群
压弹式起跳训练,共现,手快脚慢
压弹式起跳训练,共现,手肘外翻
压弹式起跳训练,共现,核心抗前冲
压弹式起跳训练,共现,核心稳定不足
压弹式起跳训练,共现,核心稳定肌群
压弹式起跳训练,共现,球路侧偏
压弹式起跳训练,共现,球路偏左偏右
压弹式起跳训练,共现,筋膜弹性与牵张反射
压弹式起跳训练,共现,肘腕力线不直
压弹式起跳训练,共现,肘腕释放链
压弹式起跳训练,共现,股四头肌
压弹式起跳训练,共现,肱三头肌
压弹式起跳训练,共现,腓肠肌
压弹式起跳训练,共现,膝髋伸展不足
压弹式起跳训练,共现,臀大肌
压弹式起跳训练,共现,证据不足
压弹式起跳训练,共现,起跳慢
压弹式起跳训练,共现,足踝压弹链
压弹式起跳训练,共现,蹬地起球不同步
压弹式起跳训练,共现,躯干前倾过大
压弹式起跳训练,共现,躯干旋转控制
压弹式起跳训练,共现,辅助手发力
压弹式起跳训练,共现,辅助手未及时分离
压弹式起跳训练,共现,释放点低
压弹式起跳训练,共现,重心前冲
垫步触地即弹,共现,三角肌前束
垫步触地即弹,共现,上下肢脱节
垫步触地即弹,共现,上肢提前主导
垫步触地即弹,共现,下肢压缩过深
垫步触地即弹,共现,下肢蹬伸链
垫步触地即弹,共现,伸髋不足
垫步触地即弹,共现,伸髋起球
垫步触地即弹,共现,出手高度低
垫步触地即弹,共现,前臂屈伸肌群
垫步触地即弹,共现,手快脚慢
垫步触地即弹,共现,手肘外翻
垫步触地即弹,共现,核心抗前冲
垫步触地即弹,共现,核心稳定不足
垫步触地即弹,共现,核心稳定肌群
垫步触地即弹,共现,球路侧偏
垫步触地即弹,共现,球路偏左偏右
垫步触地即弹,共现,筋膜弹性与牵张反射
垫步触地即弹,共现,肘腕力线不直
垫步触地即弹,共现,肘腕释放链
垫步触地即弹,共现,股四头肌
垫步触地即弹,共现,肩胛稳定肌群
垫步触地即弹,共现,肱三头肌
垫步触地即弹,共现,腓肠肌
垫步触地即弹,共现,腘绳肌
垫步触地即弹,共现,膝髋伸展不足
垫步触地即弹,共现,臀大肌
垫步触地即弹,共现,证据不足
垫步触地即弹,共现,起跳慢
垫步触地即弹,共现,足踝压弹链
垫步触地即弹,共现,蹬地起球不同步
垫步触地即弹,共现,躯干前倾过大
垫步触地即弹,共现,躯干旋转控制
垫步触地即弹,共现,辅助手发力
垫步触地即弹,共现,辅助手未及时分离
垫步触地即弹,共现,释放点低
垫步触地即弹,共现,重心前冲
手快脚慢,修正训练,无球蹬地起球同步
手快脚慢,共现,三角肌前束
手快脚慢,共现,上肢提前主导
手快脚慢,共现,下肢压缩过深
手快脚慢,共现,下肢蹬伸链
手快脚慢,共现,伸髋带动起球
手快脚慢,共现,伸髋起球
手快脚慢,共现,出手高度低
手快脚慢,共现,前臂屈伸肌群
手快脚慢,共现,压弹式起跳训练
手快脚慢,共现,垫步触地即弹
手快脚慢,共现,手肘外翻
手快脚慢,共现,无球蹬地起球同步
手快脚慢,共现,核心抗前冲
手快脚慢,共现,核心抗前冲定点投
手快脚慢,共现,核心稳定不足
手快脚慢,共现,核心稳定肌群
手快脚慢,共现,球路偏左偏右
手快脚慢,共现,筋膜弹性与牵张反射
手快脚慢,共现,肘腕释放链
手快脚慢,共现,股四头肌
手快脚慢,共现,肱三头肌
手快脚慢,共现,腓肠肌
手快脚慢,共现,膝髋伸展不足
手快脚慢,共现,臀大肌
手快脚慢,共现,起球早于屈膝
手快脚慢,共现,足踝压弹链
手快脚慢,共现,蹬地起球不同步
手快脚慢,共现,躯干前倾过大
手快脚慢,共现,躯干旋转控制
手快脚慢,共现,近筐节奏投
手快脚慢,共现,髂腰肌
手快脚慢,属于,上下肢脱节
手肘外翻,共现,三角肌前束
手肘外翻,共现,上下肢脱节
手肘外翻,共现,上肢提前主导
手肘外翻,共现,下肢蹬伸链
手肘外翻,共现,伸髋不足
手肘外翻,共现,伸髋起球
手肘外翻,共现,低位到高位起球
手肘外翻,共现,前臂屈伸肌群
手肘外翻,共现,单手直线投篮
手肘外翻,共现,压弹式起跳训练
手肘外翻,共现,垫步触地即弹
手肘外翻,共现,手快脚慢
手肘外翻,共现,无球蹬地起球同步
手肘外翻,共现,核心抗前冲
手肘外翻,共现,核心抗前冲定点投
手肘外翻,共现,核心稳定肌群
手肘外翻,共现,球路侧偏
手肘外翻,共现,筋膜弹性与牵张反射
手肘外翻,共现,肘腕力线不直
手肘外翻,共现,肘腕释放链
手肘外翻,共现,股四头肌
手肘外翻,共现,肱三头肌
手肘外翻,共现,腓肠肌
手肘外翻,共现,臀大肌
手肘外翻,共现,证据不足
手肘外翻,共现,起跳慢
手肘外翻,共现,足踝压弹链
手肘外翻,共现,躯干旋转控制
手肘外翻,共现,辅助手发力
手肘外翻,共现,辅助手隔离训练
手肘外翻,共现,近筐节奏投
手肘外翻,共现,释放点低
手肘外翻,共现,重心前冲
手肘外翻,提示,肘腕力线不直
手腕侧拨或扭曲,共现,三角肌前束
手腕侧拨或扭曲,共现,上下肢脱节
手腕侧拨或扭曲,共现,下肢蹬伸链
手腕侧拨或扭曲,共现,低位到高位起球
手腕侧拨或扭曲,共现,前臂屈伸肌群
手腕侧拨或扭曲,共现,单手直线投篮
手腕侧拨或扭曲,共现,无球蹬地起球同步
手腕侧拨或扭曲,共现,核心抗前冲
手腕侧拨或扭曲,共现,核心抗前冲定点投
手腕侧拨或扭曲,共现,核心稳定肌群
手腕侧拨或扭曲,共现,球路侧偏
手腕侧拨或扭曲,共现,肘腕力线不直
手腕侧拨或扭曲,共现,肘腕释放链
手腕侧拨或扭曲,共现,股四头肌
手腕侧拨或扭曲,共现,肱三头肌
手腕侧拨或扭曲,共现,腓肠肌
手腕侧拨或扭曲,共现,证据不足
手腕侧拨或扭曲,共现,起跳慢
手腕侧拨或扭曲,共现,足踝压弹链
手腕侧拨或扭曲,共现,躯干旋转控制
手腕侧拨或扭曲,共现,辅助手发力
手腕侧拨或扭曲,共现,辅助手隔离训练
手腕侧拨或扭曲,共现,近筐节奏投
手腕侧拨或扭曲,共现,释放点低
手腕侧拨或扭曲,共现,重心前冲
手腕侧拨或扭曲,提示,肘腕力线不直
无球蹬地起球同步,共现,三角肌前束
无球蹬地起球同步,共现,上下肢脱节
无球蹬地起球同步,共现,上肢提前主导
无球蹬地起球同步,共现,下肢压缩过深
无球蹬地起球同步,共现,下肢蹬伸链
无球蹬地起球同步,共现,伸髋不足
无球蹬地起球同步,共现,伸髋起球
无球蹬地起球同步,共现,出手高度低
无球蹬地起球同步,共现,前臂屈伸肌群
无球蹬地起球同步,共现,手快脚慢
无球蹬地起球同步,共现,手肘外翻
无球蹬地起球同步,共现,手腕侧拨或扭曲
无球蹬地起球同步,共现,核心抗前冲
无球蹬地起球同步,共现,核心稳定不足
无球蹬地起球同步,共现,核心稳定肌群
无球蹬地起球同步,共现,球路侧偏
无球蹬地起球同步,共现,球路偏左偏右
无球蹬地起球同步,共现,筋膜弹性与牵张反射
无球蹬地起球同步,共现,肘腕力线不直
无球蹬地起球同步,共现,肘腕释放链
无球蹬地起球同步,共现,股四头肌
无球蹬地起球同步,共现,肩胛稳定肌群
无球蹬地起球同步,共现,肱三头肌
无球蹬地起球同步,共现,腓肠肌
无球蹬地起球同步,共现,腘绳肌
无球蹬地起球同步,共现,膝髋伸展不足
无球蹬地起球同步,共现,臀大肌
无球蹬地起球同步,共现,证据不足
无球蹬地起球同步,共现,起球早于屈膝
无球蹬地起球同步,共现,起跳慢
无球蹬地起球同步,共现,足踝压弹链
无球蹬地起球同步,共现,蹬地起球不同步
无球蹬地起球同步,共现,躯干前倾过大
无球蹬地起球同步,共现,释放点低
无球蹬地起球同步,共现,重心前冲
无球蹬地起球同步,共现,髂腰肌
核心抗前冲,共现,三角肌前束
核心抗前冲,共现,上下肢脱节
核心抗前冲,共现,伸髋不足
核心抗前冲,共现,低位到高位起球
核心抗前冲,共现,出手高度低
核心抗前冲,共现,前臂屈伸肌群
核心抗前冲,共现,单手直线投篮
核心抗前冲,共现,压弹式起跳训练
核心抗前冲,共现,垫步触地即弹
核心抗前冲,共现,手快脚慢
核心抗前冲,共现,手肘外翻
核心抗前冲,共现,手腕侧拨或扭曲
核心抗前冲,共现,无球蹬地起球同步
核心抗前冲,共现,核心抗前冲定点投
核心抗前冲,共现,核心稳定不足
核心抗前冲,共现,核心稳定肌群
核心抗前冲,共现,球路侧偏
核心抗前冲,共现,球路偏左偏右
核心抗前冲,共现,肘腕力线不直
核心抗前冲,共现,股四头肌
核心抗前冲,共现,肩胛稳定肌群
核心抗前冲,共现,肱三头肌
核心抗前冲,共现,腓肠肌
核心抗前冲,共现,腘绳肌
核心抗前冲,共现,膝髋伸展不足
核心抗前冲,共现,臀大肌
核心抗前冲,共现,证据不足
核心抗前冲,共现,起球早于屈膝
核心抗前冲,共现,起跳慢
核心抗前冲,共现,蹬地起球不同步
核心抗前冲,共现,躯干前倾过大
核心抗前冲,共现,辅助手发力
核心抗前冲,共现,近筐节奏投
核心抗前冲,共现,释放点低
核心抗前冲,共现,重心前冲
核心抗前冲,相关肌群,核心稳定肌群
核心抗前冲定点投,共现,三角肌前束
核心抗前冲定点投,共现,上下肢脱节
核心抗前冲定点投,共现,上肢提前主导
核心抗前冲定点投,共现,下肢蹬伸链
核心抗前冲定点投,共现,伸髋不足
核心抗前冲定点投,共现,伸髋起球
核心抗前冲定点投,共现,出手高度低
核心抗前冲定点投,共现,前臂屈伸肌群
核心抗前冲定点投,共现,手快脚慢
核心抗前冲定点投,共现,手肘外翻
核心抗前冲定点投,共现,手腕侧拨或扭曲
核心抗前冲定点投,共现,核心抗前冲
核心抗前冲定点投,共现,核心稳定不足
核心抗前冲定点投,共现,核心稳定肌群
核心抗前冲定点投,共现,球路侧偏
核心抗前冲定点投,共现,球路偏左偏右
核心抗前冲定点投,共现,筋膜弹性与牵张反射
核心抗前冲定点投,共现,肘腕力线不直
核心抗前冲定点投,共现,肘腕释放链
核心抗前冲定点投,共现,股四头肌
核心抗前冲定点投,共现,肩胛稳定肌群
核心抗前冲定点投,共现,肱三头肌
核心抗前冲定点投,共现,腓肠肌
核心抗前冲定点投,共现,膝髋伸展不足
核心抗前冲定点投,共现,臀大肌
核心抗前冲定点投,共现,证据不足
核心抗前冲定点投,共现,起跳慢
核心抗前冲定点投,共现,足踝压弹链
核心抗前冲定点投,共现,蹬地起球不同步
核心抗前冲定点投,共现,躯干前倾过大
核心抗前冲定点投,共现,躯干旋转控制
核心抗前冲定点投,共现,辅助手发力
核心抗前冲定点投,共现,辅助手未及时分离
核心抗前冲定点投,共现,释放点低
核心抗前冲定点投,共现,重心前冲
核心稳定不足,共现,三角肌前束
核心稳定不足,共现,上下肢脱节
核心稳定不足,共现,上肢提前主导
核心稳定不足,共现,下肢蹬伸链
核心稳定不足,共现,伸髋不足
核心稳定不足,共现,伸髋起球
核心稳定不足,共现,低位到高位起球
核心稳定不足,共现,前臂屈伸肌群
核心稳定不足,共现,单手直线投篮
核心稳定不足,共现,压弹式起跳训练
核心稳定不足,共现,垫步触地即弹
核心稳定不足,共现,手快脚慢
核心稳定不足,共现,无球蹬地起球同步
核心稳定不足,共现,核心抗前冲
核心稳定不足,共现,核心抗前冲定点投
核心稳定不足,共现,核心稳定肌群
核心稳定不足,共现,球路侧偏
核心稳定不足,共现,筋膜弹性与牵张反射
核心稳定不足,共现,肘腕力线不直
核心稳定不足,共现,肘腕释放链
核心稳定不足,共现,股四头肌
核心稳定不足,共现,肱三头肌
核心稳定不足,共现,腓肠肌
核心稳定不足,共现,臀大肌
核心稳定不足,共现,证据不足
核心稳定不足,共现,起跳慢
核心稳定不足,共现,足踝压弹链
核心稳定不足,共现,躯干旋转控制
核心稳定不足,共现,辅助手发力
核心稳定不足,共现,近筐节奏投
核心稳定不足,共现,释放点低
核心稳定不足,共现,重心前冲
核心稳定不足,提示,重心前冲
核心稳定肌群,共现,上下肢脱节
核心稳定肌群,共现,上肢提前主导
核心稳定肌群,共现,下肢压缩过深
核心稳定肌群,共现,下肢蹬伸链
核心稳定肌群,共现,伸髋不足
核心稳定肌群,共现,伸髋起球
核心稳定肌群,共现,低位到高位起球
核心稳定肌群,共现,出手高度低
核心稳定肌群,共现,单手直线投篮
核心稳定肌群,共现,压弹式起跳训练
核心稳定肌群,共现,垫步触地即弹
核心稳定肌群,共现,手快脚慢
核心稳定肌群,共现,手肘外翻
核心稳定肌群,共现,手腕侧拨或扭曲
核心稳定肌群,共现,无球蹬地起球同步
核心稳定肌群,共现,核心抗前冲
核心稳定肌群,共现,核心抗前冲定点投
核心稳定肌群,共现,核心稳定不足
核心稳定肌群,共现,球路侧偏
核心稳定肌群,共现,球路偏左偏右
核心稳定肌群,共现,筋膜弹性与牵张反射
核心稳定肌群,共现,肘腕力线不直
核心稳定肌群,共现,肘腕释放链
核心稳定肌群,共现,膝髋伸展不足
核心稳定肌群,共现,证据不足
核心稳定肌群,共现,起跳慢
核心稳定肌群,共现,足踝压弹链
核心稳定肌群,共现,蹬地起球不同步
核心稳定肌群,共现,躯干前倾过大
核心稳定肌群,共现,躯干旋转控制
核心稳定肌群,共现,辅助手发力
核心稳定肌群,共现,辅助手未及时分离
核心稳定肌群,共现,近筐节奏投
核心稳定肌群,共现,释放点低
核心稳定肌群,共现,重心前冲
球路侧偏,共现,三角肌前束
球路侧偏,共现,上肢提前主导
球路侧偏,共现,下肢压缩过深
球路侧偏,共现,下肢蹬伸链
球路侧偏,共现,伸髋起球
球路侧偏,共现,低位到高位起球
球路侧偏,共现,出手高度低
球路侧偏,共现,前臂屈伸肌群
球路侧偏,共现,单手直线投篮
球路侧偏,共现,压弹式起跳训练
球路侧偏,共现,垫步触地即弹
球路侧偏,共现,手肘外翻
球路侧偏,共现,手腕侧拨或扭曲
球路侧偏,共现,无球蹬地起球同步
球路侧偏,共现,核心抗前冲
球路侧偏,共现,核心抗前冲定点投
球路侧偏,共现,核心稳定不足
球路侧偏,共现,核心稳定肌群
球路侧偏,共现,球路偏左偏右
球路侧偏,共现,筋膜弹性与牵张反射
球路侧偏,共现,肘腕释放链
球路侧偏,共现,股四头肌
球路侧偏,共现,肩胛稳定肌群
球路侧偏,共现,肱三头肌
球路侧偏,共现,腓肠肌
球路侧偏,共现,膝髋伸展不足
球路侧偏,共现,臀大肌
球路侧偏,共现,足踝压弹链
球路侧偏,共现,蹬地起球不同步
球路侧偏,共现,躯干前倾过大
球路侧偏,共现,躯干旋转控制
球路侧偏,共现,辅助手未及时分离
球路侧偏,共现,辅助手隔离训练
球路侧偏,共现,近筐节奏投
球路侧偏,涉及,躯干旋转控制
球路偏左偏右,共现,三角肌前束
球路偏左偏右,共现,上下肢脱节
球路偏左偏右,共现,上肢提前主导
球路偏左偏右,共现,下肢蹬伸链
球路偏左偏右,共现,伸髋不足
球路偏左偏右,共现,伸髋起球
球路偏左偏右,共现,低位到高位起球
球路偏左偏右,共现,前臂屈伸肌群
球路偏左偏右,共现,单手直线投篮
球路偏左偏右,共现,压弹式起跳训练
球路偏左偏右,共现,垫步触地即弹
球路偏左偏右,共现,手快脚慢
球路偏左偏右,共现,无球蹬地起球同步
球路偏左偏右,共现,核心抗前冲
球路偏左偏右,共现,核心抗前冲定点投
球路偏左偏右,共现,核心稳定肌群
球路偏左偏右,共现,球路侧偏
球路偏左偏右,共现,筋膜弹性与牵张反射
球路偏左偏右,共现,肘腕力线不直
球路偏左偏右,共现,肘腕释放链
球路偏左偏右,共现,股四头肌
球路偏左偏右,共现,肩胛稳定肌群
球路偏左偏右,共现,肱三头肌
球路偏左偏右,共现,腓肠肌
球路偏左偏右,共现,臀大肌
球路偏左偏右,共现,证据不足
球路偏左偏右,共现,起跳慢
球路偏左偏右,共现,足踝压弹链
球路偏左偏右,共现,躯干旋转控制
球路偏左偏右,共现,辅助手发力
球路偏左偏右,共现,辅助手隔离训练
球路偏左偏右,共现,近筐节奏投
球路偏左偏右,共现,释放点低
球路偏左偏右,共现,重心前冲
球路偏左偏右,提示,球路侧偏
筋膜弹性与牵张反射,共现,三角肌前束
筋膜弹性与牵张反射,共现,上下肢脱节
筋膜弹性与牵张反射,共现,下肢压缩过深
筋膜弹性与牵张反射,共现,伸髋不足
筋膜弹性与牵张反射,共现,低位到高位起球
筋膜弹性与牵张反射,共现,出手高度低
筋膜弹性与牵张反射,共现,前臂屈伸肌群
筋膜弹性与牵张反射,共现,单手直线投篮
筋膜弹性与牵张反射,共现,压弹式起跳训练
筋膜弹性与牵张反射,共现,垫步触地即弹
筋膜弹性与牵张反射,共现,手快脚慢
筋膜弹性与牵张反射,共现,手肘外翻
筋膜弹性与牵张反射,共现,无球蹬地起球同步
筋膜弹性与牵张反射,共现,核心抗前冲定点投
筋膜弹性与牵张反射,共现,核心稳定不足
筋膜弹性与牵张反射,共现,核心稳定肌群
筋膜弹性与牵张反射,共现,球路侧偏
筋膜弹性与牵张反射,共现,球路偏左偏右
筋膜弹性与牵张反射,共现,肘腕力线不直
筋膜弹性与牵张反射,共现,股四头肌
筋膜弹性与牵张反射,共现,肱三头肌
筋膜弹性与牵张反射,共现,腓肠肌
筋膜弹性与牵张反射,共现,膝髋伸展不足
筋膜弹性与牵张反射,共现,臀大肌
筋膜弹性与牵张反射,共现,证据不足
筋膜弹性与牵张反射,共现,起跳慢
筋膜弹性与牵张反射,共现,蹬地起球不同步
筋膜弹性与牵张反射,共现,躯干前倾过大
筋膜弹性与牵张反射,共现,辅助手发力
筋膜弹性与牵张反射,共现,辅助手未及时分离
筋膜弹性与牵张反射,共现,近筐节奏投
筋膜弹性与牵张反射,共现,释放点低
筋膜弹性与牵张反射,共现,重心前冲
肘腕力线不直,修正训练,单手直线投篮
肘腕力线不直,共现,三角肌前束
肘腕力线不直,共现,上肢提前主导
肘腕力线不直,共现,下肢压缩过深
肘腕力线不直,共现,下肢蹬伸链
肘腕力线不直,共现,伸髋起球
肘腕力线不直,共现,低位到高位起球
肘腕力线不直,共现,出手高度低
肘腕力线不直,共现,前臂屈伸肌群
肘腕力线不直,共现,单手直线投篮
肘腕力线不直,共现,压弹式起跳训练
肘腕力线不直,共现,垫步触地即弹
肘腕力线不直,共现,手肘外翻
肘腕力线不直,共现,手腕侧拨或扭曲
肘腕力线不直,共现,无球蹬地起球同步
肘腕力线不直,共现,核心抗前冲
肘腕力线不直,共现,核心抗前冲定点投
肘腕力线不直,共现,核心稳定不足
肘腕力线不直,共现,核心稳定肌群
肘腕力线不直,共现,球路偏左偏右
肘腕力线不直,共现,筋膜弹性与牵张反射
肘腕力线不直,共现,肘腕释放链
肘腕力线不直,共现,股四头肌
肘腕力线不直,共现,肱三头肌
肘腕力线不直,共现,腓肠肌
肘腕力线不直,共现,膝髋伸展不足
肘腕力线不直,共现,臀大肌
肘腕力线不直,共现,起球早于屈膝
肘腕力线不直,共现,足踝压弹链
肘腕力线不直,共现,蹬地起球不同步
肘腕力线不直,共现,躯干前倾过大
肘腕力线不直,共现,躯干旋转控制
肘腕力线不直,共现,辅助手未及时分离
肘腕力线不直,共现,辅助手隔离训练
肘腕力线不直,共现,近筐节奏投
肘腕力线不直,涉及,肘腕释放链
肘腕释放链,共现,三角肌前束
肘腕释放链,共现,上下肢脱节
肘腕释放链,共现,下肢压缩过深
肘腕释放链,共现,伸髋不足
肘腕释放链,共现,低位到高位起球
肘腕释放链,共现,出手高度低
肘腕释放链,共现,前臂屈伸肌群
肘腕释放链,共现,单手直线投篮
肘腕释放链,共现,压弹式起跳训练
肘腕释放链,共现,垫步触地即弹
肘腕释放链,共现,手快脚慢
肘腕释放链,共现,手肘外翻
肘腕释放链,共现,手腕侧拨或扭曲
肘腕释放链,共现,无球蹬地起球同步
肘腕释放链,共现,核心抗前冲定点投
肘腕释放链,共现,核心稳定不足
肘腕释放链,共现,核心稳定肌群
肘腕释放链,共现,球路侧偏
肘腕释放链,共现,球路偏左偏右
肘腕释放链,共现,肘腕力线不直
肘腕释放链,共现,股四头肌
肘腕释放链,共现,肩胛稳定肌群
肘腕释放链,共现,肱三头肌
肘腕释放链,共现,腓肠肌
肘腕释放链,共现,膝髋伸展不足
肘腕释放链,共现,臀大肌
肘腕释放链,共现,证据不足
肘腕释放链,共现,起球早于屈膝
肘腕释放链,共现,起跳慢
肘腕释放链,共现,蹬地起球不同步
肘腕释放链,共现,躯干前倾过大
肘腕释放链,共现,辅助手发力
肘腕释放链,共现,辅助手未及时分离
肘腕释放链,共现,辅助手隔离训练
肘腕释放链,共现,近筐节奏投
肘腕释放链,共现,释放点低
肘腕释放链,共现,重心前冲
肘腕释放链,相关肌群,前臂屈伸肌群
肘腕释放链,相关肌群,肱三头肌
股四头肌,共现,上下肢脱节
股四头肌,共现,上肢提前主导
股四头肌,共现,下肢压缩过深
股四头肌,共现,下肢蹬伸链
股四头肌,共现,伸髋不足
股四头肌,共现,伸髋起球
股四头肌,共现,低位到高位起球
股四头肌,共现,出手高度低
股四头肌,共现,单手直线投篮
股四头肌,共现,压弹式起跳训练
股四头肌,共现,垫步触地即弹
股四头肌,共现,手快脚慢
股四头肌,共现,手肘外翻
股四头肌,共现,手腕侧拨或扭曲
股四头肌,共现,无球蹬地起球同步
股四头肌,共现,核心抗前冲
股四头肌,共现,核心抗前冲定点投
股四头肌,共现,核心稳定不足
股四头肌,共现,球路侧偏
股四头肌,共现,球路偏左偏右
股四头肌,共现,筋膜弹性与牵张反射
股四头肌,共现,肘腕力线不直
股四头肌,共现,肘腕释放链
股四头肌,共现,膝髋伸展不足
股四头肌,共现,证据不足
股四头肌,共现,起球早于屈膝
股四头肌,共现,起跳慢
股四头肌,共现,足踝压弹链
股四头肌,共现,蹬地起球不同步
股四头肌,共现,躯干前倾过大
股四头肌,共现,躯干旋转控制
股四头肌,共现,辅助手发力
股四头肌,共现,辅助手未及时分离
股四头肌,共现,近筐节奏投
股四头肌,共现,释放点低
股四头肌,共现,重心前冲
肩胛稳定肌群,共现,上下肢脱节
肩胛稳定肌群,共现,上肢提前主导
肩胛稳定肌群,共现,下肢蹬伸链
肩胛稳定肌群,共现,低位到高位起球
肩胛稳定肌群,共现,垫步触地即弹
肩胛稳定肌群,共现,无球蹬地起球同步
肩胛稳定肌群,共现,核心抗前冲
肩胛稳定肌群,共现,核心抗前冲定点投
肩胛稳定肌群,共现,球路侧偏
肩胛稳定肌群,共现,球路偏左偏右
肩胛稳定肌群,共现,肘腕释放链
肩胛稳定肌群,共现,膝髋伸展不足
肩胛稳定肌群,共现,证据不足
肩胛稳定肌群,共现,足踝压弹链
肩胛稳定肌群,共现,蹬地起球不同步
肩胛稳定肌群,共现,躯干前倾过大
肩胛稳定肌群,共现,重心前冲
肱三头肌,共现,上下肢脱节
肱三头肌,共现,上肢提前主导
肱三头肌,共现,下肢压缩过深
肱三头肌,共现,下肢蹬伸链
肱三头肌,共现,伸髋不足
肱三头肌,共现,伸髋起球
肱三头肌,共现,低位到高位起球
肱三头肌,共现,出手高度低
肱三头肌,共现,压弹式起跳训练
肱三头肌,共现,垫步触地即弹
肱三头肌,共现,手快脚慢
肱三头肌,共现,手肘外翻
肱三头肌,共现,手腕侧拨或扭曲
肱三头肌,共现,无球蹬地起球同步
肱三头肌,共现,核心抗前冲
肱三头肌,共现,核心抗前冲定点投
肱三头肌,共现,核心稳定不足
肱三头肌,共现,球路侧偏
肱三头肌,共现,球路偏左偏右
肱三头肌,共现,筋膜弹性与牵张反射
肱三头肌,共现,肘腕力线不直
肱三头肌,共现,肘腕释放链
肱三头肌,共现,膝髋伸展不足
肱三头肌,共现,证据不足
肱三头肌,共现,起跳慢
肱三头肌,共现,足踝压弹链
肱三头肌,共现,蹬地起球不同步
肱三头肌,共现,躯干前倾过大
肱三头肌,共现,躯干旋转控制
肱三头肌,共现,辅助手发力
肱三头肌,共现,辅助手未及时分离
肱三头肌,共现,近筐节奏投
肱三头肌,共现,释放点低
肱三头肌,共现,重心前冲
腓肠肌,共现,上下肢脱节
腓肠肌,共现,上肢提前主导
腓肠肌,共现,下肢压缩过深
腓肠肌,共现,下肢蹬伸链
腓肠肌,共现,伸髋不足
腓肠肌,共现,伸髋起球
腓肠肌,共现,低位到高位起球
腓肠肌,共现,出手高度低
腓肠肌,共现,单手直线投篮
腓肠肌,共现,压弹式起跳训练
腓肠肌,共现,垫步触地即弹
腓肠肌,共现,手快脚慢
腓肠肌,共现,手肘外翻
腓肠肌,共现,手腕侧拨或扭曲
腓肠肌,共现,无球蹬地起球同步
腓肠肌,共现,核心抗前冲
腓肠肌,共现,核心抗前冲定点投
腓肠肌,共现,核心稳定不足
腓肠肌,共现,球路侧偏
腓肠肌,共现,球路偏左偏右
腓肠肌,共现,筋膜弹性与牵张反射
腓肠肌,共现,肘腕力线不直
腓肠肌,共现,肘腕释放链
腓肠肌,共现,膝髋伸展不足
腓肠肌,共现,证据不足
腓肠肌,共现,起跳慢
腓肠肌,共现,足踝压弹链
腓肠肌,共现,蹬地起球不同步
腓肠肌,共现,躯干前倾过大
腓肠肌,共现,躯干旋转控制
腓肠肌,共现,辅助手发力
腓肠肌,共现,辅助手未及时分离
腓肠肌,共现,近筐节奏投
腓肠肌,共现,释放点低
腓肠肌,共现,重心前冲
腘绳肌,共现,上下肢脱节
腘绳肌,共现,上肢提前主导
腘绳肌,共现,下肢蹬伸链
腘绳肌,共现,低位到高位起球
腘绳肌,共现,垫步触地即弹
腘绳肌,共现,无球蹬地起球同步
腘绳肌,共现,核心抗前冲
腘绳肌,共现,膝髋伸展不足
腘绳肌,共现,证据不足
腘绳肌,共现,足踝压弹链
腘绳肌,共现,蹬地起球不同步
腘绳肌,共现,重心前冲
膝髋伸展不足,共现,三角肌前束
膝髋伸展不足,共现,上下肢脱节
膝髋伸展不足,共现,上肢提前主导
膝髋伸展不足,共现,下肢蹬伸链
膝髋伸展不足,共现,伸髋不足
膝髋伸展不足,共现,伸髋带动起球
膝髋伸展不足,共现,伸髋起球
膝髋伸展不足,共现,低位到高位起球
膝髋伸展不足,共现,前臂屈伸肌群
膝髋伸展不足,共现,单手直线投篮
膝髋伸展不足,共现,压弹式起跳训练
膝髋伸展不足,共现,垫步触地即弹
膝髋伸展不足,共现,手快脚慢
膝髋伸展不足,共现,无球蹬地起球同步
膝髋伸展不足,共现,核心抗前冲
膝髋伸展不足,共现,核心抗前冲定点投
膝髋伸展不足,共现,核心稳定肌群
膝髋伸展不足,共现,球路侧偏
膝髋伸展不足,共现,筋膜弹性与牵张反射
膝髋伸展不足,共现,肘腕力线不直
膝髋伸展不足,共现,肘腕释放链
膝髋伸展不足,共现,股四头肌
膝髋伸展不足,共现,肩胛稳定肌群
膝髋伸展不足,共现,肱三头肌
膝髋伸展不足,共现,腓肠肌
膝髋伸展不足,共现,腘绳肌
膝髋伸展不足,共现,臀大肌
膝髋伸展不足,共现,证据不足
膝髋伸展不足,共现,起跳慢
膝髋伸展不足,共现,足踝压弹链
膝髋伸展不足,共现,躯干旋转控制
膝髋伸展不足,共现,辅助手发力
膝髋伸展不足,共现,近筐节奏投
膝髋伸展不足,共现,释放点低
膝髋伸展不足,共现,重心前冲
膝髋伸展不足,共现,髂腰肌
膝髋伸展不足,提示,释放点低
臀大肌,共现,上下肢脱节
臀大肌,共现,上肢提前主导
臀大肌,共现,下肢蹬伸链
臀大肌,共现,伸髋不足
臀大肌,共现,伸髋带动起球
臀大肌,共现,伸髋起球
臀大肌,共现,压弹式起跳训练
臀大肌,共现,垫步触地即弹
臀大肌,共现,手快脚慢
臀大肌,共现,手肘外翻
臀大肌,共现,无球蹬地起球同步
臀大肌,共现,核心抗前冲
臀大肌,共现,核心抗前冲定点投
臀大肌,共现,核心稳定不足
臀大肌,共现,球路侧偏
臀大肌,共现,球路偏左偏右
臀大肌,共现,筋膜弹性与牵张反射
臀大肌,共现,肘腕力线不直
臀大肌,共现,肘腕释放链
臀大肌,共现,膝髋伸展不足
臀大肌,共现,证据不足
臀大肌,共现,起球早于屈膝
臀大肌,共现,起跳慢
臀大肌,共现,足踝压弹链
臀大肌,共现,蹬地起球不同步
臀大肌,共现,躯干前倾过大
臀大肌,共现,躯干旋转控制
臀大肌,共现,辅助手发力
臀大肌,共现,近筐节奏投
臀大肌,共现,重心前冲
证据不足,共现,三角肌前束
证据不足,共现,上肢提前主导
证据不足,共现,下肢压缩过深
证据不足,共现,下肢蹬伸链
证据不足,共现,伸髋带动起球
证据不足,共现,伸髋起球
证据不足,共现,低位到高位起球
证据不足,共现,出手高度低
证据不足,共现,前臂屈伸肌群
证据不足,共现,单手直线投篮
证据不足,共现,压弹式起跳训练
证据不足,共现,垫步触地即弹
证据不足,共现,手肘外翻
证据不足,共现,手腕侧拨或扭曲
证据不足,共现,无球蹬地起球同步
证据不足,共现,核心抗前冲
证据不足,共现,核心抗前冲定点投
证据不足,共现,核心稳定不足
证据不足,共现,核心稳定肌群
证据不足,共现,球路偏左偏右
证据不足,共现,筋膜弹性与牵张反射
证据不足,共现,肘腕释放链
证据不足,共现,股四头肌
证据不足,共现,肩胛稳定肌群
证据不足,共现,肱三头肌
证据不足,共现,腓肠肌
证据不足,共现,腘绳肌
证据不足,共现,膝髋伸展不足
证据不足,共现,臀大肌
证据不足,共现,起球早于屈膝
证据不足,共现,足踝压弹链
证据不足,共现,蹬地起球不同步
证据不足,共现,躯干前倾过大
证据不足,共现,躯干旋转控制
证据不足,共现,辅助手未及时分离
证据不足,共现,辅助手隔离训练
证据不足,共现,近筐节奏投
证据不足,共现,髂腰肌
起球早于屈膝,共现,三角肌前束
起球早于屈膝,共现,上下肢脱节
起球早于屈膝,共现,下肢蹬伸链
起球早于屈膝,共现,伸髋不足
起球早于屈膝,共现,伸髋带动起球
起球早于屈膝,共现,伸髋起球
起球早于屈膝,共现,低位到高位起球
起球早于屈膝,共现,前臂屈伸肌群
起球早于屈膝,共现,手快脚慢
起球早于屈膝,共现,无球蹬地起球同步
起球早于屈膝,共现,核心抗前冲
起球早于屈膝,共现,肘腕力线不直
起球早于屈膝,共现,肘腕释放链
起球早于屈膝,共现,股四头肌
起球早于屈膝,共现,臀大肌
起球早于屈膝,共现,证据不足
起球早于屈膝,共现,近筐节奏投
起球早于屈膝,共现,释放点低
起球早于屈膝,共现,重心前冲
起球早于屈膝,共现,髂腰肌
起球早于屈膝,提示,手快脚慢
起跳慢,修正训练,压弹式起跳训练
起跳慢,共现,三角肌前束
起跳慢,共现,上肢提前主导
起跳慢,共现,下肢压缩过深
起跳慢,共现,下肢蹬伸链
起跳慢,共现,伸髋起球
起跳慢,共现,低位到高位起球
起跳慢,共现,前臂屈伸肌群
起跳慢,共现,单手直线投篮
起跳慢,共现,压弹式起跳训练
起跳慢,共现,垫步触地即弹
起跳慢,共现,手肘外翻
起跳慢,共现,手腕侧拨或扭曲
起跳慢,共现,无球蹬地起球同步
起跳慢,共现,核心抗前冲
起跳慢,共现,核心抗前冲定点投
起跳慢,共现,核心稳定不足
起跳慢,共现,核心稳定肌群
起跳慢,共现,球路偏左偏右
起跳慢,共现,筋膜弹性与牵张反射
起跳慢,共现,肘腕释放链
起跳慢,共现,股四头肌
起跳慢,共现,肱三头肌
起跳慢,共现,腓肠肌
起跳慢,共现,膝髋伸展不足
起跳慢,共现,臀大肌
起跳慢,共现,足踝压弹链
起跳慢,共现,蹬地起球不同步
起跳慢,共现,躯干前倾过大
起跳慢,共现,躯干旋转控制
起跳慢,共现,辅助手未及时分离
起跳慢,共现,近筐节奏投
起跳慢,涉及,筋膜弹性与牵张反射
起跳慢,涉及,足踝压弹链
足踝压弹链,共现,三角肌前束
足踝压弹链,共现,上下肢脱节
足踝压弹链,共现,下肢压缩过深
足踝压弹链,共现,伸髋不足
足踝压弹链,共现,低位到高位起球
足踝压弹链,共现,出手高度低
足踝压弹链,共现,前臂屈伸肌群
足踝压弹链,共现,单手直线投篮
足踝压弹链,共现,压弹式起跳训练
足踝压弹链,共现,垫步触地即弹
足踝压弹链,共现,手快脚慢
足踝压弹链,共现,手肘外翻
足踝压弹链,共现,手腕侧拨或扭曲
足踝压弹链,共现,无球蹬地起球同步
足踝压弹链,共现,核心抗前冲定点投
足踝压弹链,共现,核心稳定不足
足踝压弹链,共现,核心稳定肌群
足踝压弹链,共现,球路侧偏
足踝压弹链,共现,球路偏左偏右
足踝压弹链,共现,肘腕力线不直
足踝压弹链,共现,股四头肌
足踝压弹链,共现,肩胛稳定肌群
足踝压弹链,共现,肱三头肌
足踝压弹链,共现,腓肠肌
足踝压弹链,共现,腘绳肌
足踝压弹链,共现,膝髋伸展不足
足踝压弹链,共现,臀大肌
足踝压弹链,共现,证据不足
足踝压弹链,共现,起跳慢
足踝压弹链,共现,蹬地起球不同步
足踝压弹链,共现,躯干前倾过大
足踝压弹链,共现,辅助手发力
足踝压弹链,共现,辅助手未及时分离
足踝压弹链,共现,近筐节奏投
足踝压弹链,共现,释放点低
足踝压弹链,共现,重心前冲
蹬地起球不同步,共现,三角肌前束
蹬地起球不同步,共现,上下肢脱节
蹬地起球不同步,共现,上肢提前主导
蹬地起球不同步,共现,下肢蹬伸链
蹬地起球不同步,共现,伸髋不足
蹬地起球不同步,共现,伸髋带动起球
蹬地起球不同步,共现,伸髋起球
蹬地起球不同步,共现,低位到高位起球
蹬地起球不同步,共现,前臂屈伸肌群
蹬地起球不同步,共现,单手直线投篮
蹬地起球不同步,共现,压弹式起跳训练
蹬地起球不同步,共现,垫步触地即弹
蹬地起球不同步,共现,手快脚慢
蹬地起球不同步,共现,无球蹬地起球同步
蹬地起球不同步,共现,核心抗前冲
蹬地起球不同步,共现,核心抗前冲定点投
蹬地起球不同步,共现,核心稳定肌群
蹬地起球不同步,共现,球路侧偏
蹬地起球不同步,共现,筋膜弹性与牵张反射
蹬地起球不同步,共现,肘腕力线不直
蹬地起球不同步,共现,肘腕释放链
蹬地起球不同步,共现,股四头肌
蹬地起球不同步,共现,肩胛稳定肌群
蹬地起球不同步,共现,肱三头肌
蹬地起球不同步,共现,腓肠肌
蹬地起球不同步,共现,腘绳肌
蹬地起球不同步,共现,臀大肌
蹬地起球不同步,共现,证据不足
蹬地起球不同步,共现,起跳慢
蹬地起球不同步,共现,足踝压弹链
蹬地起球不同步,共现,躯干旋转控制
蹬地起球不同步,共现,辅助手发力
蹬地起球不同步,共现,辅助手隔离训练
蹬地起球不同步,共现,近筐节奏投
蹬地起球不同步,共现,释放点低
蹬地起球不同步,共现,重心前冲
蹬地起球不同步,共现,髂腰肌
蹬地起球不同步,提示,上下肢脱节
蹬地起球不同步,提示,手快脚慢
躯干前倾过大,共现,三角肌前束
躯干前倾过大,共现,上下肢脱节
躯干前倾过大,共现,上肢提前主导
躯干前倾过大,共现,下肢蹬伸链
躯干前倾过大,共现,伸髋不足
躯干前倾过大,共现,伸髋起球
躯干前倾过大,共现,低位到高位起球
躯干前倾过大,共现,前臂屈伸肌群
躯干前倾过大,共现,单手直线投篮
躯干前倾过大,共现,压弹式起跳训练
躯干前倾过大,共现,垫步触地即弹
躯干前倾过大,共现,手快脚慢
躯干前倾过大,共现,无球蹬地起球同步
躯干前倾过大,共现,核心抗前冲
躯干前倾过大,共现,核心抗前冲定点投
躯干前倾过大,共现,核心稳定肌群
躯干前倾过大,共现,球路侧偏
躯干前倾过大,共现,筋膜弹性与牵张反射
躯干前倾过大,共现,肘腕力线不直
躯干前倾过大,共现,肘腕释放链
躯干前倾过大,共现,股四头肌
躯干前倾过大,共现,肩胛稳定肌群
躯干前倾过大,共现,肱三头肌
躯干前倾过大,共现,腓肠肌
躯干前倾过大,共现,臀大肌
躯干前倾过大,共现,证据不足
躯干前倾过大,共现,起跳慢
躯干前倾过大,共现,足踝压弹链
躯干前倾过大,共现,躯干旋转控制
躯干前倾过大,共现,辅助手发力
躯干前倾过大,共现,近筐节奏投
躯干前倾过大,共现,释放点低
躯干前倾过大,共现,重心前冲
躯干前倾过大,提示,重心前冲
躯干旋转控制,共现,三角肌前束
躯干旋转控制,共现,上下肢脱节
躯干旋转控制,共现,伸髋不足
躯干旋转控制,共现,低位到高位起球
躯干旋转控制,共现,出手高度低
躯干旋转控制,共现,前臂屈伸肌群
躯干旋转控制,共现,单手直线投篮
躯干旋转控制,共现,压弹式起跳训练
躯干旋转控制,共现,垫步触地即弹
躯干旋转控制,共现,手快脚慢
躯干旋转控制,共现,手肘外翻
躯干旋转控制,共现,手腕侧拨或扭曲
躯干旋转控制,共现,核心抗前冲定点投
躯干旋转控制,共现,核心稳定不足
躯干旋转控制,共现,核心稳定肌群
躯干旋转控制,共现,球路侧偏
躯干旋转控制,共现,球路偏左偏右
躯干旋转控制,共现,肘腕力线不直
躯干旋转控制,共现,股四头肌
躯干旋转控制,共现,肱三头肌
躯干旋转控制,共现,腓肠肌
躯干旋转控制,共现,膝髋伸展不足
躯干旋转控制,共现,臀大肌
躯干旋转控制,共现,证据不足
躯干旋转控制,共现,起跳慢
躯干旋转控制,共现,蹬地起球不同步
躯干旋转控制,共现,躯干前倾过大
躯干旋转控制,共现,辅助手发力
躯干旋转控制,共现,辅助手未及时分离
躯干旋转控制,共现,近筐节奏投
躯干旋转控制,共现,释放点低
躯干旋转控制,共现,重心前冲
辅助手发力,修正训练,辅助手隔离训练
辅助手发力,共现,三角肌前束
辅助手发力,共现,下肢压缩过深
辅助手发力,共现,下肢蹬伸链
辅助手发力,共现,伸髋起球
辅助手发力,共现,低位到高位起球
辅助手发力,共现,前臂屈伸肌群
辅助手发力,共现,单手直线投篮
辅助手发力,共现,压弹式起跳训练
辅助手发力,共现,垫步触地即弹
辅助手发力,共现,手肘外翻
辅助手发力,共现,手腕侧拨或扭曲
辅助手发力,共现,核心抗前冲
辅助手发力,共现,核心抗前冲定点投
辅助手发力,共现,核心稳定不足
辅助手发力,共现,核心稳定肌群
辅助手发力,共现,球路偏左偏右
辅助手发力,共现,筋膜弹性与牵张反射
辅助手发力,共现,肘腕释放链
辅助手发力,共现,股四头肌
辅助手发力,共现,肱三头肌
辅助手发力,共现,腓肠肌
辅助手发力,共现,膝髋伸展不足
辅助手发力,共现,臀大肌
辅助手发力,共现,足踝压弹链
辅助手发力,共现,蹬地起球不同步
辅助手发力,共现,躯干前倾过大
辅助手发力,共现,躯干旋转控制
辅助手发力,共现,辅助手未及时分离
辅助手发力,共现,辅助手隔离训练
辅助手发力,共现,近筐节奏投
辅助手发力,可能导致,球路侧偏
辅助手未及时分离,共现,三角肌前束
辅助手未及时分离,共现,上下肢脱节
辅助手未及时分离,共现,下肢蹬伸链
辅助手未及时分离,共现,低位到高位起球
辅助手未及时分离,共现,前臂屈伸肌群
辅助手未及时分离,共现,单手直线投篮
辅助手未及时分离,共现,压弹式起跳训练
辅助手未及时分离,共现,垫步触地即弹
辅助手未及时分离,共现,核心抗前冲定点投
辅助手未及时分离,共现,核心稳定肌群
辅助手未及时分离,共现,球路侧偏
辅助手未及时分离,共现,筋膜弹性与牵张反射
辅助手未及时分离,共现,肘腕力线不直
辅助手未及时分离,共现,肘腕释放链
辅助手未及时分离,共现,股四头肌
辅助手未及时分离,共现,肱三头肌
辅助手未及时分离,共现,腓肠肌
辅助手未及时分离,共现,证据不足
辅助手未及时分离,共现,起跳慢
辅助手未及时分离,共现,足踝压弹链
辅助手未及时分离,共现,躯干旋转控制
辅助手未及时分离,共现,辅助手发力
辅助手未及时分离,共现,近筐节奏投
辅助手未及时分离,共现,重心前冲
辅助手未及时分离,提示,辅助手发力
辅助手隔离训练,共现,三角肌前束
辅助手隔离训练,共现,下肢蹬伸链
辅助手隔离训练,共现,前臂屈伸肌群
辅助手隔离训练,共现,手肘外翻
辅助手隔离训练,共现,手腕侧拨或扭曲
辅助手隔离训练,共现,球路侧偏
辅助手隔离训练,共现,球路偏左偏右
辅助手隔离训练,共现,肘腕力线不直
辅助手隔离训练,共现,肘腕释放链
辅助手隔离训练,共现,证据不足
辅助手隔离训练,共现,蹬地起球不同步
辅助手隔离训练,共现,辅助手发力
近筐节奏投,共现,三角肌前束
近筐节奏投,共现,上下肢脱节
近筐节奏投,共现,上肢提前主导
近筐节奏投,共现,下肢压缩过深
近筐节奏投,共现,下肢蹬伸链
近筐节奏投,共现,伸髋不足
近筐节奏投,共现,伸髋起球
近筐节奏投,共现,出手高度低
近筐节奏投,共现,前臂屈伸肌群
近筐节奏投,共现,手快脚慢
近筐节奏投,共现,手肘外翻
近筐节奏投,共现,手腕侧拨或扭曲
近筐节奏投,共现,核心抗前冲
近筐节奏投,共现,核心稳定不足
近筐节奏投,共现,核心稳定肌群
近筐节奏投,共现,球路侧偏
近筐节奏投,共现,球路偏左偏右
近筐节奏投,共现,筋膜弹性与牵张反射
近筐节奏投,共现,肘腕力线不直
近筐节奏投,共现,肘腕释放链
近筐节奏投,共现,股四头肌
近筐节奏投,共现,肱三头肌
近筐节奏投,共现,腓肠肌
近筐节奏投,共现,膝髋伸展不足
近筐节奏投,共现,臀大肌
近筐节奏投,共现,证据不足
近筐节奏投,共现,起球早于屈膝
近筐节奏投,共现,起跳慢
近筐节奏投,共现,足踝压弹链
近筐节奏投,共现,蹬地起球不同步
近筐节奏投,共现,躯干前倾过大
近筐节奏投,共现,躯干旋转控制
近筐节奏投,共现,辅助手发力
近筐节奏投,共现,辅助手未及时分离
近筐节奏投,共现,释放点低
近筐节奏投,共现,重心前冲
近筐节奏投,共现,髂腰肌
释放点低,共现,三角肌前束
释放点低,共现,上肢提前主导
释放点低,共现,下肢蹬伸链
释放点低,共现,伸髋起球
释放点低,共现,低位到高位起球
释放点低,共现,出手高度低
释放点低,共现,前臂屈伸肌群
释放点低,共现,单手直线投篮
释放点低,共现,压弹式起跳训练
释放点低,共现,垫步触地即弹
释放点低,共现,手肘外翻
释放点低,共现,手腕侧拨或扭曲
释放点低,共现,无球蹬地起球同步
释放点低,共现,核心抗前冲
释放点低,共现,核心抗前冲定点投
释放点低,共现,核心稳定不足
释放点低,共现,核心稳定肌群
释放点低,共现,球路偏左偏右
释放点低,共现,筋膜弹性与牵张反射
释放点低,共现,肘腕释放链
释放点低,共现,股四头肌
释放点低,共现,肱三头肌
释放点低,共现,腓肠肌
释放点低,共现,膝髋伸展不足
释放点低,共现,起球早于屈膝
释放点低,共现,足踝压弹链
释放点低,共现,蹬地起球不同步
释放点低,共现,躯干前倾过大
释放点低,共现,躯干旋转控制
释放点低,共现,近筐节奏投
释放点低,涉及,下肢蹬伸链
重心前冲,共现,三角肌前束
重心前冲,共现,上肢提前主导
重心前冲,共现,下肢压缩过深
重心前冲,共现,下肢蹬伸链
重心前冲,共现,伸髋带动起球
重心前冲,共现,伸髋起球
重心前冲,共现,低位到高位起球
重心前冲,共现,出手高度低
重心前冲,共现,前臂屈伸肌群
重心前冲,共现,单手直线投篮
重心前冲,共现,压弹式起跳训练
重心前冲,共现,垫步触地即弹
重心前冲,共现,手肘外翻
重心前冲,共现,手腕侧拨或扭曲
重心前冲,共现,无球蹬地起球同步
重心前冲,共现,核心抗前冲
重心前冲,共现,核心抗前冲定点投
重心前冲,共现,核心稳定不足
重心前冲,共现,核心稳定肌群
重心前冲,共现,球路偏左偏右
重心前冲,共现,筋膜弹性与牵张反射
重心前冲,共现,肘腕释放链
重心前冲,共现,股四头肌
重心前冲,共现,肩胛稳定肌群
重心前冲,共现,肱三头肌
重心前冲,共现,腓肠肌
重心前冲,共现,腘绳肌
重心前冲,共现,膝髋伸展不足
重心前冲,共现,臀大肌
重心前冲,共现,起球早于屈膝
重心前冲,共现,足踝压弹链
重心前冲,共现,蹬地起球不同步
重心前冲,共现,躯干前倾过大
重心前冲,共现,躯干旋转控制
重心前冲,共现,辅助手未及时分离
重心前冲,共现,近筐节奏投
重心前冲,共现,髂腰肌
重心前冲,涉及,核心抗前冲
髂腰肌,共现,上下肢脱节
髂腰肌,共现,下肢蹬伸链
髂腰肌,共现,伸髋不足
髂腰肌,共现,伸髋带动起球
髂腰肌,共现,伸髋起球
髂腰肌,共现,手快脚慢
髂腰肌,共现,无球蹬地起球同步
髂腰肌,共现,膝髋伸展不足
髂腰肌,共现,证据不足
髂腰肌,共现,起球早于屈膝
髂腰肌,共现,蹬地起球不同步
髂腰肌,共现,近筐节奏投
髂腰肌,共现,重心前冲
